target,start,end,metricName,value
NS.BER.00.HHE.D,2020-01-02T04:36:40,2020-01-02T04:37:42,sample_snr,0.850605
NS.BER.00.HHN.D,2020-01-02T04:36:40,2020-01-02T04:37:42,sample_snr,1.19824
NS.BER.00.HHZ.D,2020-01-02T04:36:40,2020-01-02T04:37:42,sample_snr,0.9157
NS.BER.00.HHE.D,2020-01-02T11:38:59,2020-01-02T11:40:01,sample_snr,0.774679
NS.BER.00.HHN.D,2020-01-02T11:38:59,2020-01-02T11:40:01,sample_snr,0.764219
NS.BER.00.HHZ.D,2020-01-02T11:38:59,2020-01-02T11:40:01,sample_snr,0.745217
NS.BER.00.HHE.D,2020-01-02T18:35:13,2020-01-02T18:36:15,sample_snr,0.943749
NS.BER.00.HHN.D,2020-01-02T18:35:13,2020-01-02T18:36:15,sample_snr,0.680278
NS.BER.00.HHZ.D,2020-01-02T18:35:13,2020-01-02T18:36:15,sample_snr,0.974511
NS.BER.00.HHE.D,2020-01-03T15:40:23,2020-01-03T15:41:25,sample_snr,0.761258
NS.BER.00.HHN.D,2020-01-03T15:40:23,2020-01-03T15:41:25,sample_snr,0.762703
NS.BER.00.HHZ.D,2020-01-03T15:40:23,2020-01-03T15:41:25,sample_snr,1.12057
NS.BER.00.HHE.D,2020-01-05T04:52:20,2020-01-05T04:53:22,sample_snr,0.8839
NS.BER.00.HHN.D,2020-01-05T04:52:20,2020-01-05T04:53:22,sample_snr,1.03643
NS.BER.00.HHZ.D,2020-01-05T04:52:20,2020-01-05T04:53:22,sample_snr,1.27166
NS.BER.00.HHE.D,2020-01-06T01:39:13,2020-01-06T01:40:15,sample_snr,1.21506
NS.BER.00.HHN.D,2020-01-06T01:39:13,2020-01-06T01:40:15,sample_snr,1.14601
NS.BER.00.HHZ.D,2020-01-06T01:39:13,2020-01-06T01:40:15,sample_snr,1.03209
NS.BER.00.HHE.D,2020-01-06T10:42:33,2020-01-06T10:43:35,sample_snr,1.4686
NS.BER.00.HHN.D,2020-01-06T10:42:33,2020-01-06T10:43:35,sample_snr,0.941001
NS.BER.00.HHZ.D,2020-01-06T10:42:33,2020-01-06T10:43:35,sample_snr,1.41845
NS.BER.00.HHE.D,2020-01-07T06:17:40,2020-01-07T06:18:42,sample_snr,1.20881
NS.BER.00.HHN.D,2020-01-07T06:17:40,2020-01-07T06:18:42,sample_snr,0.982806
NS.BER.00.HHZ.D,2020-01-07T06:17:40,2020-01-07T06:18:42,sample_snr,0.915898
NS.BER.00.HHE.D,2020-01-07T08:34:39,2020-01-07T08:35:41,sample_snr,1.12975
NS.BER.00.HHN.D,2020-01-07T08:34:39,2020-01-07T08:35:41,sample_snr,0.995807
NS.BER.00.HHZ.D,2020-01-07T08:34:39,2020-01-07T08:35:41,sample_snr,1.03957
NS.BER.00.HHE.D,2020-01-07T08:44:15,2020-01-07T08:45:17,sample_snr,1.07262
NS.BER.00.HHN.D,2020-01-07T08:44:15,2020-01-07T08:45:17,sample_snr,0.983036
NS.BER.00.HHZ.D,2020-01-07T08:44:15,2020-01-07T08:45:17,sample_snr,1.41468
NS.BER.00.HHE.D,2020-01-07T11:28:56,2020-01-07T11:29:58,sample_snr,0.553583
NS.BER.00.HHN.D,2020-01-07T11:28:56,2020-01-07T11:29:58,sample_snr,1.09566
NS.BER.00.HHZ.D,2020-01-07T11:28:56,2020-01-07T11:29:58,sample_snr,0.419283
NS.BER.00.HHE.D,2020-01-07T19:26:01,2020-01-07T19:27:03,sample_snr,0.519815
NS.BER.00.HHN.D,2020-01-07T19:26:01,2020-01-07T19:27:03,sample_snr,0.549117
NS.BER.00.HHZ.D,2020-01-07T19:26:01,2020-01-07T19:27:03,sample_snr,0.973343
NS.BER.00.HHE.D,2020-01-08T07:47:00,2020-01-08T07:48:02,sample_snr,1.1947
NS.BER.00.HHN.D,2020-01-08T07:47:00,2020-01-08T07:48:02,sample_snr,0.804706
NS.BER.00.HHZ.D,2020-01-08T07:47:00,2020-01-08T07:48:02,sample_snr,0.91108
NS.BER.00.HHE.D,2020-01-09T08:47:21,2020-01-09T08:48:23,sample_snr,1.07495
NS.BER.00.HHN.D,2020-01-09T08:47:21,2020-01-09T08:48:23,sample_snr,0.971246
NS.BER.00.HHZ.D,2020-01-09T08:47:21,2020-01-09T08:48:23,sample_snr,1.07702
NS.BER.00.HHE.D,2020-01-10T15:33:19,2020-01-10T15:34:21,sample_snr,0.878877
NS.BER.00.HHN.D,2020-01-10T15:33:19,2020-01-10T15:34:21,sample_snr,0.977685
NS.BER.00.HHZ.D,2020-01-10T15:33:19,2020-01-10T15:34:21,sample_snr,0.850275
NS.BER.00.HHE.D,2020-01-11T13:05:00,2020-01-11T13:06:02,sample_snr,0.582325
NS.BER.00.HHN.D,2020-01-11T13:05:00,2020-01-11T13:06:02,sample_snr,1.22897
NS.BER.00.HHZ.D,2020-01-11T13:05:00,2020-01-11T13:06:02,sample_snr,1.04048
NS.BER.00.HHE.D,2020-01-12T02:41:20,2020-01-12T02:42:22,sample_snr,0.846146
NS.BER.00.HHN.D,2020-01-12T02:41:20,2020-01-12T02:42:22,sample_snr,1.13605
NS.BER.00.HHZ.D,2020-01-12T02:41:20,2020-01-12T02:42:22,sample_snr,0.822161
NS.BER.00.HHE.D,2020-01-15T08:09:41,2020-01-15T08:10:43,sample_snr,0.64937
NS.BER.00.HHN.D,2020-01-15T08:09:41,2020-01-15T08:10:43,sample_snr,0.762815
NS.BER.00.HHZ.D,2020-01-15T08:09:41,2020-01-15T08:10:43,sample_snr,0.811142
NS.BER.00.HHE.D,2020-01-16T10:08:13,2020-01-16T10:09:15,sample_snr,1.06759
NS.BER.00.HHN.D,2020-01-16T10:08:13,2020-01-16T10:09:15,sample_snr,1.32703
NS.BER.00.HHZ.D,2020-01-16T10:08:13,2020-01-16T10:09:15,sample_snr,1.38442
NS.BER.00.HHE.D,2020-01-17T06:48:55,2020-01-17T06:49:57,sample_snr,1.07699
NS.BER.00.HHN.D,2020-01-17T06:48:55,2020-01-17T06:49:57,sample_snr,0.82324
NS.BER.00.HHZ.D,2020-01-17T06:48:55,2020-01-17T06:49:57,sample_snr,0.780862
NS.BER.00.HHE.D,2020-01-18T16:52:19,2020-01-18T16:53:21,sample_snr,1.14201
NS.BER.00.HHN.D,2020-01-18T16:52:19,2020-01-18T16:53:21,sample_snr,1.76207
NS.BER.00.HHZ.D,2020-01-18T16:52:19,2020-01-18T16:53:21,sample_snr,1.03138
NS.BER.00.HHE.D,2020-01-19T13:36:01,2020-01-19T13:37:03,sample_snr,1.11858
NS.BER.00.HHN.D,2020-01-19T13:36:01,2020-01-19T13:37:03,sample_snr,0.872757
NS.BER.00.HHZ.D,2020-01-19T13:36:01,2020-01-19T13:37:03,sample_snr,1.15387
NS.BER.00.HHE.D,2020-01-19T17:11:36,2020-01-19T17:12:38,sample_snr,1.24897
NS.BER.00.HHN.D,2020-01-19T17:11:36,2020-01-19T17:12:38,sample_snr,1.40527
NS.BER.00.HHZ.D,2020-01-19T17:11:36,2020-01-19T17:12:38,sample_snr,1.02497
NS.BER.00.HHE.D,2020-01-20T07:06:19,2020-01-20T07:07:21,sample_snr,2.50274
NS.BER.00.HHN.D,2020-01-20T07:06:19,2020-01-20T07:07:21,sample_snr,1.16593
NS.BER.00.HHZ.D,2020-01-20T07:06:19,2020-01-20T07:07:21,sample_snr,1.11748
NS.BER.00.HHE.D,2020-01-22T01:13:14,2020-01-22T01:14:16,sample_snr,1.01323
NS.BER.00.HHN.D,2020-01-22T01:13:14,2020-01-22T01:14:16,sample_snr,0.768909
NS.BER.00.HHZ.D,2020-01-22T01:13:14,2020-01-22T01:14:16,sample_snr,0.637904
NS.BER.00.HHE.D,2020-01-22T11:14:04,2020-01-22T11:15:06,sample_snr,0.640052
NS.BER.00.HHN.D,2020-01-22T11:14:04,2020-01-22T11:15:06,sample_snr,1.62586
NS.BER.00.HHZ.D,2020-01-22T11:14:04,2020-01-22T11:15:06,sample_snr,0.909034
NS.BER.00.HHE.D,2020-01-22T18:48:59,2020-01-22T18:50:01,sample_snr,0.714754
NS.BER.00.HHN.D,2020-01-22T18:48:59,2020-01-22T18:50:01,sample_snr,0.739176
NS.BER.00.HHZ.D,2020-01-22T18:48:59,2020-01-22T18:50:01,sample_snr,1.11536
NS.BER.00.HHE.D,2020-01-22T19:27:14,2020-01-22T19:28:16,sample_snr,0.887
NS.BER.00.HHN.D,2020-01-22T19:27:14,2020-01-22T19:28:16,sample_snr,0.977927
NS.BER.00.HHZ.D,2020-01-22T19:27:14,2020-01-22T19:28:16,sample_snr,0.728235
NS.BER.00.HHE.D,2020-01-23T06:03:28,2020-01-23T06:04:30,sample_snr,1.01667
NS.BER.00.HHN.D,2020-01-23T06:03:28,2020-01-23T06:04:30,sample_snr,0.860998
NS.BER.00.HHZ.D,2020-01-23T06:03:28,2020-01-23T06:04:30,sample_snr,1.44071
NS.BER.00.HHE.D,2020-01-23T21:23:59,2020-01-23T21:25:01,sample_snr,0.967268
NS.BER.00.HHN.D,2020-01-23T21:23:59,2020-01-23T21:25:01,sample_snr,0.851931
NS.BER.00.HHZ.D,2020-01-23T21:23:59,2020-01-23T21:25:01,sample_snr,1.03224
NS.BER.00.HHE.D,2020-01-24T07:17:02,2020-01-24T07:18:04,sample_snr,0.966769
NS.BER.00.HHN.D,2020-01-24T07:17:02,2020-01-24T07:18:04,sample_snr,1.0059
NS.BER.00.HHZ.D,2020-01-24T07:17:02,2020-01-24T07:18:04,sample_snr,1.3772
NS.BER.00.HHE.D,2020-01-24T18:00:55,2020-01-24T18:01:57,sample_snr,0.831899
NS.BER.00.HHN.D,2020-01-24T18:00:55,2020-01-24T18:01:57,sample_snr,0.668592
NS.BER.00.HHZ.D,2020-01-24T18:00:55,2020-01-24T18:01:57,sample_snr,1.3075
NS.BER.00.HHE.D,2020-01-26T04:07:49,2020-01-26T04:08:51,sample_snr,1.10011
NS.BER.00.HHN.D,2020-01-26T04:07:49,2020-01-26T04:08:51,sample_snr,1.56188
NS.BER.00.HHZ.D,2020-01-26T04:07:49,2020-01-26T04:08:51,sample_snr,1.48554
NS.BER.00.HHE.D,2020-01-26T06:42:25,2020-01-26T06:43:27,sample_snr,1.26801
NS.BER.00.HHN.D,2020-01-26T06:42:25,2020-01-26T06:43:27,sample_snr,0.595535
NS.BER.00.HHZ.D,2020-01-26T06:42:25,2020-01-26T06:43:27,sample_snr,0.75829
NS.BER.00.HHE.D,2020-01-26T09:22:36,2020-01-26T09:23:38,sample_snr,0.791155
NS.BER.00.HHN.D,2020-01-26T09:22:36,2020-01-26T09:23:38,sample_snr,1.4607
NS.BER.00.HHZ.D,2020-01-26T09:22:36,2020-01-26T09:23:38,sample_snr,0.908789
NS.BER.00.HHE.D,2020-01-26T22:44:06,2020-01-26T22:45:08,sample_snr,1.23587
NS.BER.00.HHN.D,2020-01-26T22:44:06,2020-01-26T22:45:08,sample_snr,0.450914
NS.BER.00.HHZ.D,2020-01-26T22:44:06,2020-01-26T22:45:08,sample_snr,1.18852
NS.BER.00.HHE.D,2020-01-27T05:17:11,2020-01-27T05:18:13,sample_snr,2.25308
NS.BER.00.HHN.D,2020-01-27T05:17:11,2020-01-27T05:18:13,sample_snr,1.40343
NS.BER.00.HHZ.D,2020-01-27T05:17:11,2020-01-27T05:18:13,sample_snr,1.49162
NS.BER.00.HHE.D,2020-01-28T15:44:03,2020-01-28T15:45:05,sample_snr,0.853258
NS.BER.00.HHN.D,2020-01-28T15:44:03,2020-01-28T15:45:05,sample_snr,0.975091
NS.BER.00.HHZ.D,2020-01-28T15:44:03,2020-01-28T15:45:05,sample_snr,0.852312
NS.BER.00.HHE.D,2020-01-28T18:30:44,2020-01-28T18:31:46,sample_snr,1.70536
NS.BER.00.HHN.D,2020-01-28T18:30:44,2020-01-28T18:31:46,sample_snr,1.13856
NS.BER.00.HHZ.D,2020-01-28T18:30:44,2020-01-28T18:31:46,sample_snr,0.978231
NS.BER.00.HHE.D,2020-01-28T19:21:06,2020-01-28T19:22:08,sample_snr,5.53488
NS.BER.00.HHN.D,2020-01-28T19:21:06,2020-01-28T19:22:08,sample_snr,2.00438
NS.BER.00.HHZ.D,2020-01-28T19:21:06,2020-01-28T19:22:08,sample_snr,8.81761
NS.BER.00.HHE.D,2020-01-28T22:06:07,2020-01-28T22:07:09,sample_snr,1.06888
NS.BER.00.HHN.D,2020-01-28T22:06:07,2020-01-28T22:07:09,sample_snr,1.01442
NS.BER.00.HHZ.D,2020-01-28T22:06:07,2020-01-28T22:07:09,sample_snr,1.1743
NS.BER.00.HHE.D,2020-01-29T14:04:53,2020-01-29T14:05:55,sample_snr,0.805023
NS.BER.00.HHN.D,2020-01-29T14:04:53,2020-01-29T14:05:55,sample_snr,0.885099
NS.BER.00.HHZ.D,2020-01-29T14:04:53,2020-01-29T14:05:55,sample_snr,0.850523
NS.BER.00.HHE.D,2020-01-30T00:00:25,2020-01-30T00:01:27,sample_snr,1.24489
NS.BER.00.HHN.D,2020-01-30T00:00:25,2020-01-30T00:01:27,sample_snr,0.798077
NS.BER.00.HHZ.D,2020-01-30T00:00:25,2020-01-30T00:01:27,sample_snr,0.712686
NS.BER.00.HHE.D,2020-01-30T01:33:35,2020-01-30T01:34:37,sample_snr,1.00324
NS.BER.00.HHN.D,2020-01-30T01:33:35,2020-01-30T01:34:37,sample_snr,1.10937
NS.BER.00.HHZ.D,2020-01-30T01:33:35,2020-01-30T01:34:37,sample_snr,0.915907
NS.BER.00.HHE.D,2020-01-30T11:27:06,2020-01-30T11:28:08,sample_snr,0.966747
NS.BER.00.HHN.D,2020-01-30T11:27:06,2020-01-30T11:28:08,sample_snr,0.865678
NS.BER.00.HHZ.D,2020-01-30T11:27:06,2020-01-30T11:28:08,sample_snr,1.03836
NS.BER.00.HHE.D,2020-01-30T22:53:19,2020-01-30T22:54:21,sample_snr,0.746389
NS.BER.00.HHN.D,2020-01-30T22:53:19,2020-01-30T22:54:21,sample_snr,1.15895
NS.BER.00.HHZ.D,2020-01-30T22:53:19,2020-01-30T22:54:21,sample_snr,0.790547
NS.BER.00.HHE.D,2020-01-31T14:09:02,2020-01-31T14:10:04,sample_snr,1.34855
NS.BER.00.HHN.D,2020-01-31T14:09:02,2020-01-31T14:10:04,sample_snr,0.50414
NS.BER.00.HHZ.D,2020-01-31T14:09:02,2020-01-31T14:10:04,sample_snr,1.06972
NS.BER.00.HHE.D,2020-02-02T03:44:33,2020-02-02T03:45:35,sample_snr,0.704756
NS.BER.00.HHN.D,2020-02-02T03:44:33,2020-02-02T03:45:35,sample_snr,1.19819
NS.BER.00.HHZ.D,2020-02-02T03:44:33,2020-02-02T03:45:35,sample_snr,1.05698
NS.BER.00.HHE.D,2020-02-05T12:36:37,2020-02-05T12:37:39,sample_snr,0.780103
NS.BER.00.HHN.D,2020-02-05T12:36:37,2020-02-05T12:37:39,sample_snr,0.984869
NS.BER.00.HHZ.D,2020-02-05T12:36:37,2020-02-05T12:37:39,sample_snr,1.08776
NS.BER.00.HHE.D,2020-02-05T18:25:06,2020-02-05T18:26:08,sample_snr,0.798657
NS.BER.00.HHN.D,2020-02-05T18:25:06,2020-02-05T18:26:08,sample_snr,1.21666
NS.BER.00.HHZ.D,2020-02-05T18:25:06,2020-02-05T18:26:08,sample_snr,1.12796
NS.BER.00.HHE.D,2020-02-06T13:53:18,2020-02-06T13:54:20,sample_snr,1.31663
NS.BER.00.HHN.D,2020-02-06T13:53:18,2020-02-06T13:54:20,sample_snr,1.82298
NS.BER.00.HHZ.D,2020-02-06T13:53:18,2020-02-06T13:54:20,sample_snr,1.10714
NS.BER.00.HHE.D,2020-02-07T19:08:18,2020-02-07T19:09:20,sample_snr,1.27952
NS.BER.00.HHN.D,2020-02-07T19:08:18,2020-02-07T19:09:20,sample_snr,1.00758
NS.BER.00.HHZ.D,2020-02-07T19:08:18,2020-02-07T19:09:20,sample_snr,0.793346
NS.BER.00.HHE.D,2020-02-08T06:50:37,2020-02-08T06:51:39,sample_snr,1.64065
NS.BER.00.HHN.D,2020-02-08T06:50:37,2020-02-08T06:51:39,sample_snr,1.34486
NS.BER.00.HHZ.D,2020-02-08T06:50:37,2020-02-08T06:51:39,sample_snr,2.29051
NS.BER.00.HHE.D,2020-02-08T14:47:52,2020-02-08T14:48:54,sample_snr,1.03886
NS.BER.00.HHN.D,2020-02-08T14:47:52,2020-02-08T14:48:54,sample_snr,0.681855
NS.BER.00.HHZ.D,2020-02-08T14:47:52,2020-02-08T14:48:54,sample_snr,0.837815
NS.BER.00.HHE.D,2020-02-09T06:19:07,2020-02-09T06:20:09,sample_snr,0.599022
NS.BER.00.HHN.D,2020-02-09T06:19:07,2020-02-09T06:20:09,sample_snr,0.560046
NS.BER.00.HHZ.D,2020-02-09T06:19:07,2020-02-09T06:20:09,sample_snr,0.559864
NS.BER.00.HHE.D,2020-02-09T09:55:59,2020-02-09T09:57:01,sample_snr,1.50272
NS.BER.00.HHN.D,2020-02-09T09:55:59,2020-02-09T09:57:01,sample_snr,1.04757
NS.BER.00.HHZ.D,2020-02-09T09:55:59,2020-02-09T09:57:01,sample_snr,1.05527
NS.BER.00.HHE.D,2020-02-13T10:44:09,2020-02-13T10:45:11,sample_snr,1.81772
NS.BER.00.HHN.D,2020-02-13T10:44:09,2020-02-13T10:45:11,sample_snr,2.62406
NS.BER.00.HHZ.D,2020-02-13T10:44:09,2020-02-13T10:45:11,sample_snr,4.78803
NS.BER.00.HHE.D,2020-02-14T06:18:30,2020-02-14T06:19:32,sample_snr,0.969475
NS.BER.00.HHN.D,2020-02-14T06:18:30,2020-02-14T06:19:32,sample_snr,0.667471
NS.BER.00.HHZ.D,2020-02-14T06:18:30,2020-02-14T06:19:32,sample_snr,0.987403
NS.BER.00.HHE.D,2020-02-15T09:55:05,2020-02-15T09:56:07,sample_snr,0.845364
NS.BER.00.HHN.D,2020-02-15T09:55:05,2020-02-15T09:56:07,sample_snr,0.905623
NS.BER.00.HHZ.D,2020-02-15T09:55:05,2020-02-15T09:56:07,sample_snr,0.997903
NS.BER.00.HHE.D,2020-02-15T23:14:25,2020-02-15T23:15:27,sample_snr,1.06416
NS.BER.00.HHN.D,2020-02-15T23:14:25,2020-02-15T23:15:27,sample_snr,1.18753
NS.BER.00.HHZ.D,2020-02-15T23:14:25,2020-02-15T23:15:27,sample_snr,1.10058
NS.BER.00.HHE.D,2020-02-18T07:34:37,2020-02-18T07:35:39,sample_snr,0.868865
NS.BER.00.HHN.D,2020-02-18T07:34:37,2020-02-18T07:35:39,sample_snr,1.49525
NS.BER.00.HHZ.D,2020-02-18T07:34:37,2020-02-18T07:35:39,sample_snr,0.531435
NS.BER.00.HHE.D,2020-02-20T19:07:36,2020-02-20T19:08:38,sample_snr,1.30358
NS.BER.00.HHN.D,2020-02-20T19:07:36,2020-02-20T19:08:38,sample_snr,1.16983
NS.BER.00.HHZ.D,2020-02-20T19:07:36,2020-02-20T19:08:38,sample_snr,1.44
NS.BER.00.HHE.D,2020-02-22T20:02:29,2020-02-22T20:03:31,sample_snr,2.19625
NS.BER.00.HHN.D,2020-02-22T20:02:29,2020-02-22T20:03:31,sample_snr,1.77503
NS.BER.00.HHZ.D,2020-02-22T20:02:29,2020-02-22T20:03:31,sample_snr,1.2287
NS.BER.00.HHE.D,2020-02-22T23:27:49,2020-02-22T23:28:51,sample_snr,0.691875
NS.BER.00.HHN.D,2020-02-22T23:27:49,2020-02-22T23:28:51,sample_snr,1.62374
NS.BER.00.HHZ.D,2020-02-22T23:27:49,2020-02-22T23:28:51,sample_snr,0.405455
NS.BER.00.HHE.D,2020-02-23T05:59:03,2020-02-23T06:00:05,sample_snr,0.958733
NS.BER.00.HHN.D,2020-02-23T05:59:03,2020-02-23T06:00:05,sample_snr,1.38404
NS.BER.00.HHZ.D,2020-02-23T05:59:03,2020-02-23T06:00:05,sample_snr,1.24367
NS.BER.00.HHE.D,2020-02-23T16:06:33,2020-02-23T16:07:35,sample_snr,0.614852
NS.BER.00.HHN.D,2020-02-23T16:06:33,2020-02-23T16:07:35,sample_snr,0.872233
NS.BER.00.HHZ.D,2020-02-23T16:06:33,2020-02-23T16:07:35,sample_snr,1.12891
NS.BER.00.HHE.D,2020-02-26T07:47:21,2020-02-26T07:48:23,sample_snr,1.28202
NS.BER.00.HHN.D,2020-02-26T07:47:21,2020-02-26T07:48:23,sample_snr,1.43667
NS.BER.00.HHZ.D,2020-02-26T07:47:21,2020-02-26T07:48:23,sample_snr,1.14285
NS.BER.00.HHE.D,2020-02-27T19:26:07,2020-02-27T19:27:09,sample_snr,0.824986
NS.BER.00.HHN.D,2020-02-27T19:26:07,2020-02-27T19:27:09,sample_snr,0.902477
NS.BER.00.HHZ.D,2020-02-27T19:26:07,2020-02-27T19:27:09,sample_snr,0.686329
NS.BER.00.HHE.D,2020-02-28T07:57:55,2020-02-28T07:58:57,sample_snr,1.14834
NS.BER.00.HHN.D,2020-02-28T07:57:55,2020-02-28T07:58:57,sample_snr,1.15387
NS.BER.00.HHZ.D,2020-02-28T07:57:55,2020-02-28T07:58:57,sample_snr,0.841433
NS.BER.00.HHE.D,2020-03-02T00:41:44,2020-03-02T00:42:46,sample_snr,2.23418
NS.BER.00.HHN.D,2020-03-02T00:41:44,2020-03-02T00:42:46,sample_snr,0.973405
NS.BER.00.HHZ.D,2020-03-02T00:41:44,2020-03-02T00:42:46,sample_snr,1.10344
NS.BER.00.HHE.D,2020-03-05T07:11:12,2020-03-05T07:12:14,sample_snr,1.29289
NS.BER.00.HHN.D,2020-03-05T07:11:12,2020-03-05T07:12:14,sample_snr,0.786808
NS.BER.00.HHZ.D,2020-03-05T07:11:12,2020-03-05T07:12:14,sample_snr,0.985227
NS.BER.00.HHE.D,2020-03-06T10:42:02,2020-03-06T10:43:04,sample_snr,1.13969
NS.BER.00.HHN.D,2020-03-06T10:42:02,2020-03-06T10:43:04,sample_snr,1.70894
NS.BER.00.HHZ.D,2020-03-06T10:42:02,2020-03-06T10:43:04,sample_snr,0.992276
NS.BER.00.HHE.D,2020-03-07T05:59:38,2020-03-07T06:00:40,sample_snr,1.16193
NS.BER.00.HHN.D,2020-03-07T05:59:38,2020-03-07T06:00:40,sample_snr,0.788715
NS.BER.00.HHZ.D,2020-03-07T05:59:38,2020-03-07T06:00:40,sample_snr,1.33309
NS.BER.00.HHE.D,2020-03-09T03:09:59,2020-03-09T03:11:01,sample_snr,1.12549
NS.BER.00.HHN.D,2020-03-09T03:09:59,2020-03-09T03:11:01,sample_snr,1.14924
NS.BER.00.HHZ.D,2020-03-09T03:09:59,2020-03-09T03:11:01,sample_snr,1.27048
NS.BER.00.HHE.D,2020-03-10T11:26:26,2020-03-10T11:27:28,sample_snr,1.51102
NS.BER.00.HHN.D,2020-03-10T11:26:26,2020-03-10T11:27:28,sample_snr,1.11048
NS.BER.00.HHZ.D,2020-03-10T11:26:26,2020-03-10T11:27:28,sample_snr,1.61925
NS.BER.00.HHE.D,2020-03-10T14:19:33,2020-03-10T14:20:35,sample_snr,0.928636
NS.BER.00.HHN.D,2020-03-10T14:19:33,2020-03-10T14:20:35,sample_snr,0.965949
NS.BER.00.HHZ.D,2020-03-10T14:19:33,2020-03-10T14:20:35,sample_snr,0.58248
NS.BER.00.HHE.D,2020-03-12T13:06:33,2020-03-12T13:07:35,sample_snr,1.46819
NS.BER.00.HHN.D,2020-03-12T13:06:33,2020-03-12T13:07:35,sample_snr,1.28891
NS.BER.00.HHZ.D,2020-03-12T13:06:33,2020-03-12T13:07:35,sample_snr,0.827746
NS.BER.00.HHE.D,2020-03-14T10:17:59,2020-03-14T10:19:01,sample_snr,1.26656
NS.BER.00.HHN.D,2020-03-14T10:17:59,2020-03-14T10:19:01,sample_snr,1.01762
NS.BER.00.HHZ.D,2020-03-14T10:17:59,2020-03-14T10:19:01,sample_snr,1.1339
NS.BER.00.HHE.D,2020-03-14T10:22:32,2020-03-14T10:23:34,sample_snr,1.2637
NS.BER.00.HHN.D,2020-03-14T10:22:32,2020-03-14T10:23:34,sample_snr,1.05523
NS.BER.00.HHZ.D,2020-03-14T10:22:32,2020-03-14T10:23:34,sample_snr,1.14472
NS.BER.00.HHE.D,2020-03-17T08:26:23,2020-03-17T08:27:25,sample_snr,1.08597
NS.BER.00.HHN.D,2020-03-17T08:26:23,2020-03-17T08:27:25,sample_snr,1.12952
NS.BER.00.HHZ.D,2020-03-17T08:26:23,2020-03-17T08:27:25,sample_snr,2.04287
NS.BER.00.HHE.D,2020-03-17T16:22:14,2020-03-17T16:23:16,sample_snr,0.894105
NS.BER.00.HHN.D,2020-03-17T16:22:14,2020-03-17T16:23:16,sample_snr,0.572213
NS.BER.00.HHZ.D,2020-03-17T16:22:14,2020-03-17T16:23:16,sample_snr,0.850648
NS.BER.00.HHE.D,2020-03-18T03:28:56,2020-03-18T03:29:58,sample_snr,0.663817
NS.BER.00.HHN.D,2020-03-18T03:28:56,2020-03-18T03:29:58,sample_snr,0.518959
NS.BER.00.HHZ.D,2020-03-18T03:28:56,2020-03-18T03:29:58,sample_snr,0.554222
NS.BER.00.HHE.D,2020-03-18T05:46:53,2020-03-18T05:47:55,sample_snr,0.744314
NS.BER.00.HHN.D,2020-03-18T05:46:53,2020-03-18T05:47:55,sample_snr,0.828997
NS.BER.00.HHZ.D,2020-03-18T05:46:53,2020-03-18T05:47:55,sample_snr,0.633863
NS.BER.00.HHE.D,2020-03-18T13:19:51,2020-03-18T13:20:53,sample_snr,0.851021
NS.BER.00.HHN.D,2020-03-18T13:19:51,2020-03-18T13:20:53,sample_snr,0.942363
NS.BER.00.HHZ.D,2020-03-18T13:19:51,2020-03-18T13:20:53,sample_snr,1.5578
NS.BER.00.HHE.D,2020-03-18T17:59:33,2020-03-18T18:00:35,sample_snr,1.14513
NS.BER.00.HHN.D,2020-03-18T17:59:33,2020-03-18T18:00:35,sample_snr,1.57294
NS.BER.00.HHZ.D,2020-03-18T17:59:33,2020-03-18T18:00:35,sample_snr,1.32163
NS.BER.00.HHE.D,2020-03-19T14:05:33,2020-03-19T14:06:35,sample_snr,0.970927
NS.BER.00.HHN.D,2020-03-19T14:05:33,2020-03-19T14:06:35,sample_snr,1.17242
NS.BER.00.HHZ.D,2020-03-19T14:05:33,2020-03-19T14:06:35,sample_snr,1.4421
NS.BER.00.HHE.D,2020-03-20T01:43:01,2020-03-20T01:44:03,sample_snr,1.19014
NS.BER.00.HHN.D,2020-03-20T01:43:01,2020-03-20T01:44:03,sample_snr,1.57178
NS.BER.00.HHZ.D,2020-03-20T01:43:01,2020-03-20T01:44:03,sample_snr,1.66362
NS.BER.00.HHE.D,2020-03-20T03:11:42,2020-03-20T03:12:44,sample_snr,1.03595
NS.BER.00.HHN.D,2020-03-20T03:11:42,2020-03-20T03:12:44,sample_snr,0.884393
NS.BER.00.HHZ.D,2020-03-20T03:11:42,2020-03-20T03:12:44,sample_snr,1.09751
NS.BER.00.HHE.D,2020-03-21T00:54:26,2020-03-21T00:55:28,sample_snr,2.20088
NS.BER.00.HHN.D,2020-03-21T00:54:26,2020-03-21T00:55:28,sample_snr,5.78899
NS.BER.00.HHZ.D,2020-03-21T00:54:26,2020-03-21T00:55:28,sample_snr,4.33353
NS.BER.00.HHE.D,2020-03-22T20:53:13,2020-03-22T20:54:15,sample_snr,0.809333
NS.BER.00.HHN.D,2020-03-22T20:53:13,2020-03-22T20:54:15,sample_snr,0.753297
NS.BER.00.HHZ.D,2020-03-22T20:53:13,2020-03-22T20:54:15,sample_snr,0.986705
NS.BER.00.HHE.D,2020-03-22T22:51:36,2020-03-22T22:52:38,sample_snr,1.69853
NS.BER.00.HHN.D,2020-03-22T22:51:36,2020-03-22T22:52:38,sample_snr,1.33563
NS.BER.00.HHZ.D,2020-03-22T22:51:36,2020-03-22T22:52:38,sample_snr,0.972114
NS.BER.00.HHE.D,2020-03-23T20:49:16,2020-03-23T20:50:18,sample_snr,0.577654
NS.BER.00.HHN.D,2020-03-23T20:49:16,2020-03-23T20:50:18,sample_snr,1.0791
NS.BER.00.HHZ.D,2020-03-23T20:49:16,2020-03-23T20:50:18,sample_snr,0.788323
NS.BER.00.HHE.D,2020-03-25T02:59:45,2020-03-25T03:00:47,sample_snr,2.99984
NS.BER.00.HHN.D,2020-03-25T02:59:45,2020-03-25T03:00:47,sample_snr,5.14396
NS.BER.00.HHZ.D,2020-03-25T02:59:45,2020-03-25T03:00:47,sample_snr,7.6894
NS.BER.00.HHE.D,2020-03-26T15:51:07,2020-03-26T15:52:09,sample_snr,0.751692
NS.BER.00.HHN.D,2020-03-26T15:51:07,2020-03-26T15:52:09,sample_snr,1.42753
NS.BER.00.HHZ.D,2020-03-26T15:51:07,2020-03-26T15:52:09,sample_snr,0.845032
NS.BER.00.HHE.D,2020-03-26T21:50:48,2020-03-26T21:51:50,sample_snr,1.15606
NS.BER.00.HHN.D,2020-03-26T21:50:48,2020-03-26T21:51:50,sample_snr,1.20749
NS.BER.00.HHZ.D,2020-03-26T21:50:48,2020-03-26T21:51:50,sample_snr,1.23067
NS.BER.00.HHE.D,2020-03-27T14:46:36,2020-03-27T14:47:38,sample_snr,1.34995
NS.BER.00.HHN.D,2020-03-27T14:46:36,2020-03-27T14:47:38,sample_snr,1.138
NS.BER.00.HHZ.D,2020-03-27T14:46:36,2020-03-27T14:47:38,sample_snr,1.30757
NS.BER.00.HHE.D,2020-03-28T15:56:47,2020-03-28T15:57:49,sample_snr,1.00436
NS.BER.00.HHN.D,2020-03-28T15:56:47,2020-03-28T15:57:49,sample_snr,0.565382
NS.BER.00.HHZ.D,2020-03-28T15:56:47,2020-03-28T15:57:49,sample_snr,0.709041
NS.BER.00.HHE.D,2020-03-28T18:03:59,2020-03-28T18:05:01,sample_snr,0.731799
NS.BER.00.HHN.D,2020-03-28T18:03:59,2020-03-28T18:05:01,sample_snr,1.69874
NS.BER.00.HHZ.D,2020-03-28T18:03:59,2020-03-28T18:05:01,sample_snr,1.06924
NS.BER.00.HHE.D,2020-03-29T18:35:23,2020-03-29T18:36:25,sample_snr,0.767981
NS.BER.00.HHN.D,2020-03-29T18:35:23,2020-03-29T18:36:25,sample_snr,1.1962
NS.BER.00.HHZ.D,2020-03-29T18:35:23,2020-03-29T18:36:25,sample_snr,1.27568
NS.BER.00.HHE.D,2020-03-30T18:07:01,2020-03-30T18:08:03,sample_snr,1.39044
NS.BER.00.HHN.D,2020-03-30T18:07:01,2020-03-30T18:08:03,sample_snr,0.733152
NS.BER.00.HHZ.D,2020-03-30T18:07:01,2020-03-30T18:08:03,sample_snr,0.77222
NS.BER.00.HHE.D,2020-04-01T00:02:36,2020-04-01T00:03:38,sample_snr,1.35182
NS.BER.00.HHN.D,2020-04-01T00:02:36,2020-04-01T00:03:38,sample_snr,0.734033
NS.BER.00.HHZ.D,2020-04-01T00:02:36,2020-04-01T00:03:38,sample_snr,0.82279
NS.BER.00.HHE.D,2020-04-02T02:27:16,2020-04-02T02:28:18,sample_snr,0.906512
NS.BER.00.HHN.D,2020-04-02T02:27:16,2020-04-02T02:28:18,sample_snr,1.18043
NS.BER.00.HHZ.D,2020-04-02T02:27:16,2020-04-02T02:28:18,sample_snr,1.45964
NS.BER.00.HHE.D,2020-04-04T06:28:25,2020-04-04T06:29:27,sample_snr,1.04712
NS.BER.00.HHN.D,2020-04-04T06:28:25,2020-04-04T06:29:27,sample_snr,0.654888
NS.BER.00.HHZ.D,2020-04-04T06:28:25,2020-04-04T06:29:27,sample_snr,1.0379
NS.BER.00.HHE.D,2020-04-05T18:50:35,2020-04-05T18:51:37,sample_snr,1.11588
NS.BER.00.HHN.D,2020-04-05T18:50:35,2020-04-05T18:51:37,sample_snr,0.795109
NS.BER.00.HHZ.D,2020-04-05T18:50:35,2020-04-05T18:51:37,sample_snr,1.08402
NS.BER.00.HHE.D,2020-04-08T10:17:36,2020-04-08T10:18:38,sample_snr,1.15174
NS.BER.00.HHN.D,2020-04-08T10:17:36,2020-04-08T10:18:38,sample_snr,1.07354
NS.BER.00.HHZ.D,2020-04-08T10:17:36,2020-04-08T10:18:38,sample_snr,1.34864
NS.BER.00.HHE.D,2020-04-10T16:56:40,2020-04-10T16:57:42,sample_snr,1.41857
NS.BER.00.HHN.D,2020-04-10T16:56:40,2020-04-10T16:57:42,sample_snr,1.28347
NS.BER.00.HHZ.D,2020-04-10T16:56:40,2020-04-10T16:57:42,sample_snr,1.38022
NS.BER.00.HHE.D,2020-04-12T07:12:02,2020-04-12T07:13:04,sample_snr,1.03827
NS.BER.00.HHN.D,2020-04-12T07:12:02,2020-04-12T07:13:04,sample_snr,1.5956
NS.BER.00.HHZ.D,2020-04-12T07:12:02,2020-04-12T07:13:04,sample_snr,0.991264
NS.BER.00.HHE.D,2020-04-14T01:23:40,2020-04-14T01:24:42,sample_snr,0.596816
NS.BER.00.HHN.D,2020-04-14T01:23:40,2020-04-14T01:24:42,sample_snr,1.00745
NS.BER.00.HHZ.D,2020-04-14T01:23:40,2020-04-14T01:24:42,sample_snr,1.18495
NS.BER.00.HHE.D,2020-04-15T11:10:45,2020-04-15T11:11:47,sample_snr,0.938608
NS.BER.00.HHN.D,2020-04-15T11:10:45,2020-04-15T11:11:47,sample_snr,0.793637
NS.BER.00.HHZ.D,2020-04-15T11:10:45,2020-04-15T11:11:47,sample_snr,0.935328
NS.BER.00.HHE.D,2020-04-15T21:17:04,2020-04-15T21:18:06,sample_snr,0.597045
NS.BER.00.HHN.D,2020-04-15T21:17:04,2020-04-15T21:18:06,sample_snr,0.857829
NS.BER.00.HHZ.D,2020-04-15T21:17:04,2020-04-15T21:18:06,sample_snr,0.588471
NS.BER.00.HHE.D,2020-04-16T08:15:52,2020-04-16T08:16:54,sample_snr,0.893378
NS.BER.00.HHN.D,2020-04-16T08:15:52,2020-04-16T08:16:54,sample_snr,0.969344
NS.BER.00.HHZ.D,2020-04-16T08:15:52,2020-04-16T08:16:54,sample_snr,0.987698
NS.BER.00.HHE.D,2020-04-16T11:56:02,2020-04-16T11:57:04,sample_snr,1.10781
NS.BER.00.HHN.D,2020-04-16T11:56:02,2020-04-16T11:57:04,sample_snr,1.26935
NS.BER.00.HHZ.D,2020-04-16T11:56:02,2020-04-16T11:57:04,sample_snr,1.69344
NS.BER.00.HHE.D,2020-04-17T16:43:56,2020-04-17T16:44:58,sample_snr,1.3266
NS.BER.00.HHN.D,2020-04-17T16:43:56,2020-04-17T16:44:58,sample_snr,1.31898
NS.BER.00.HHZ.D,2020-04-17T16:43:56,2020-04-17T16:44:58,sample_snr,1.02135
NS.BER.00.HHE.D,2020-04-18T08:36:52,2020-04-18T08:37:54,sample_snr,7.63056
NS.BER.00.HHN.D,2020-04-18T08:36:52,2020-04-18T08:37:54,sample_snr,3.67783
NS.BER.00.HHZ.D,2020-04-18T08:36:52,2020-04-18T08:37:54,sample_snr,6.41507
NS.BER.00.HHE.D,2020-04-18T09:35:31,2020-04-18T09:36:33,sample_snr,1.04106
NS.BER.00.HHN.D,2020-04-18T09:35:31,2020-04-18T09:36:33,sample_snr,0.714528
NS.BER.00.HHZ.D,2020-04-18T09:35:31,2020-04-18T09:36:33,sample_snr,1.18196
NS.BER.00.HHE.D,2020-04-19T20:50:09,2020-04-19T20:51:11,sample_snr,3.00134
NS.BER.00.HHN.D,2020-04-19T20:50:09,2020-04-19T20:51:11,sample_snr,6.51682
NS.BER.00.HHZ.D,2020-04-19T20:50:09,2020-04-19T20:51:11,sample_snr,7.949
NS.BER.00.HHE.D,2020-04-22T22:47:40,2020-04-22T22:48:42,sample_snr,0.744396
NS.BER.00.HHN.D,2020-04-22T22:47:40,2020-04-22T22:48:42,sample_snr,0.696587
NS.BER.00.HHZ.D,2020-04-22T22:47:40,2020-04-22T22:48:42,sample_snr,0.61964
NS.BER.00.HHE.D,2020-04-25T03:07:53,2020-04-25T03:08:55,sample_snr,0.905252
NS.BER.00.HHN.D,2020-04-25T03:07:53,2020-04-25T03:08:55,sample_snr,1.14496
NS.BER.00.HHZ.D,2020-04-25T03:07:53,2020-04-25T03:08:55,sample_snr,0.908529
NS.BER.00.HHE.D,2020-05-02T12:56:37,2020-05-02T12:57:39,sample_snr,6.10821
NS.BER.00.HHN.D,2020-05-02T12:56:37,2020-05-02T12:57:39,sample_snr,13.5815
NS.BER.00.HHZ.D,2020-05-02T12:56:37,2020-05-02T12:57:39,sample_snr,11.6087
NS.BER.00.HHE.D,2020-05-03T00:57:03,2020-05-03T00:58:05,sample_snr,1.4919
NS.BER.00.HHN.D,2020-05-03T00:57:03,2020-05-03T00:58:05,sample_snr,0.861409
NS.BER.00.HHZ.D,2020-05-03T00:57:03,2020-05-03T00:58:05,sample_snr,0.79971
NS.BER.00.HHE.D,2020-05-03T12:05:48,2020-05-03T12:06:50,sample_snr,1.26971
NS.BER.00.HHN.D,2020-05-03T12:05:48,2020-05-03T12:06:50,sample_snr,1.37195
NS.BER.00.HHZ.D,2020-05-03T12:05:48,2020-05-03T12:06:50,sample_snr,2.39593
NS.BER.00.HHE.D,2020-05-04T13:19:07,2020-05-04T13:20:09,sample_snr,0.686567
NS.BER.00.HHN.D,2020-05-04T13:19:07,2020-05-04T13:20:09,sample_snr,0.949898
NS.BER.00.HHZ.D,2020-05-04T13:19:07,2020-05-04T13:20:09,sample_snr,1.47606
NS.BER.00.HHE.D,2020-05-05T12:14:20,2020-05-05T12:15:22,sample_snr,1.13432
NS.BER.00.HHN.D,2020-05-05T12:14:20,2020-05-05T12:15:22,sample_snr,1.12983
NS.BER.00.HHZ.D,2020-05-05T12:14:20,2020-05-05T12:15:22,sample_snr,1.49195
NS.BER.00.HHE.D,2020-05-06T14:07:53,2020-05-06T14:08:55,sample_snr,0.839775
NS.BER.00.HHN.D,2020-05-06T14:07:53,2020-05-06T14:08:55,sample_snr,1.54994
NS.BER.00.HHZ.D,2020-05-06T14:07:53,2020-05-06T14:08:55,sample_snr,1.29079
NS.BER.00.HHE.D,2020-05-07T11:35:08,2020-05-07T11:36:10,sample_snr,0.783323
NS.BER.00.HHN.D,2020-05-07T11:35:08,2020-05-07T11:36:10,sample_snr,1.57402
NS.BER.00.HHZ.D,2020-05-07T11:35:08,2020-05-07T11:36:10,sample_snr,1.32902
NS.BER.00.HHE.D,2020-05-08T20:59:14,2020-05-08T21:00:16,sample_snr,1.70156
NS.BER.00.HHN.D,2020-05-08T20:59:14,2020-05-08T21:00:16,sample_snr,0.831422
NS.BER.00.HHZ.D,2020-05-08T20:59:14,2020-05-08T21:00:16,sample_snr,1.20133
NS.BER.00.HHE.D,2020-05-11T00:09:50,2020-05-11T00:10:52,sample_snr,0.641913
NS.BER.00.HHN.D,2020-05-11T00:09:50,2020-05-11T00:10:52,sample_snr,0.843904
NS.BER.00.HHZ.D,2020-05-11T00:09:50,2020-05-11T00:10:52,sample_snr,1.40634
NS.BER.00.HHE.D,2020-05-11T01:20:25,2020-05-11T01:21:27,sample_snr,1.67696
NS.BER.00.HHN.D,2020-05-11T01:20:25,2020-05-11T01:21:27,sample_snr,1.55846
NS.BER.00.HHZ.D,2020-05-11T01:20:25,2020-05-11T01:21:27,sample_snr,1.02749
NS.BER.00.HHE.D,2020-05-12T22:56:25,2020-05-12T22:57:27,sample_snr,1.07922
NS.BER.00.HHN.D,2020-05-12T22:56:25,2020-05-12T22:57:27,sample_snr,1.23387
NS.BER.00.HHZ.D,2020-05-12T22:56:25,2020-05-12T22:57:27,sample_snr,1.34305
NS.BER.00.HHE.D,2020-05-14T06:10:45,2020-05-14T06:11:47,sample_snr,1.02749
NS.BER.00.HHN.D,2020-05-14T06:10:45,2020-05-14T06:11:47,sample_snr,0.942217
NS.BER.00.HHZ.D,2020-05-14T06:10:45,2020-05-14T06:11:47,sample_snr,1.12455
NS.BER.00.HHE.D,2020-05-15T11:14:15,2020-05-15T11:15:17,sample_snr,1.04309
NS.BER.00.HHN.D,2020-05-15T11:14:15,2020-05-15T11:15:17,sample_snr,1.04173
NS.BER.00.HHZ.D,2020-05-15T11:14:15,2020-05-15T11:15:17,sample_snr,1.30184
NS.BER.00.HHE.D,2020-05-15T15:05:11,2020-05-15T15:06:13,sample_snr,1.09061
NS.BER.00.HHN.D,2020-05-15T15:05:11,2020-05-15T15:06:13,sample_snr,1.04717
NS.BER.00.HHZ.D,2020-05-15T15:05:11,2020-05-15T15:06:13,sample_snr,1.54334
NS.BER.00.HHE.D,2020-05-15T15:21:45,2020-05-15T15:22:47,sample_snr,0.987899
NS.BER.00.HHN.D,2020-05-15T15:21:45,2020-05-15T15:22:47,sample_snr,1.15843
NS.BER.00.HHZ.D,2020-05-15T15:21:45,2020-05-15T15:22:47,sample_snr,1.10009
NS.BER.00.HHE.D,2020-05-16T03:31:08,2020-05-16T03:32:10,sample_snr,1.17492
NS.BER.00.HHN.D,2020-05-16T03:31:08,2020-05-16T03:32:10,sample_snr,1.40472
NS.BER.00.HHZ.D,2020-05-16T03:31:08,2020-05-16T03:32:10,sample_snr,1.38082
NS.BER.00.HHE.D,2020-05-18T23:28:06,2020-05-18T23:29:08,sample_snr,0.926108
NS.BER.00.HHN.D,2020-05-18T23:28:06,2020-05-18T23:29:08,sample_snr,0.865545
NS.BER.00.HHZ.D,2020-05-18T23:28:06,2020-05-18T23:29:08,sample_snr,2.5571
NS.BER.00.HHE.D,2020-05-20T23:48:27,2020-05-20T23:49:29,sample_snr,2.98596
NS.BER.00.HHN.D,2020-05-20T23:48:27,2020-05-20T23:49:29,sample_snr,5.74254
NS.BER.00.HHZ.D,2020-05-20T23:48:27,2020-05-20T23:49:29,sample_snr,7.92585
NS.BER.00.HHE.D,2020-05-22T08:57:52,2020-05-22T08:58:54,sample_snr,1.22586
NS.BER.00.HHN.D,2020-05-22T08:57:52,2020-05-22T08:58:54,sample_snr,1.98383
NS.BER.00.HHZ.D,2020-05-22T08:57:52,2020-05-22T08:58:54,sample_snr,1.94108
NS.BER.00.HHE.D,2020-05-23T23:14:54,2020-05-23T23:15:56,sample_snr,0.962738
NS.BER.00.HHN.D,2020-05-23T23:14:54,2020-05-23T23:15:56,sample_snr,1.62115
NS.BER.00.HHZ.D,2020-05-23T23:14:54,2020-05-23T23:15:56,sample_snr,0.762725
NS.BER.00.HHE.D,2020-05-24T03:06:16,2020-05-24T03:07:18,sample_snr,0.937646
NS.BER.00.HHN.D,2020-05-24T03:06:16,2020-05-24T03:07:18,sample_snr,1.08206
NS.BER.00.HHZ.D,2020-05-24T03:06:16,2020-05-24T03:07:18,sample_snr,1.07298
NS.BER.00.HHE.D,2020-05-24T20:12:53,2020-05-24T20:13:55,sample_snr,0.781874
NS.BER.00.HHN.D,2020-05-24T20:12:53,2020-05-24T20:13:55,sample_snr,0.999993
NS.BER.00.HHZ.D,2020-05-24T20:12:53,2020-05-24T20:13:55,sample_snr,0.852887
NS.BER.00.HHE.D,2020-05-26T23:08:01,2020-05-26T23:09:03,sample_snr,1.1222
NS.BER.00.HHN.D,2020-05-26T23:08:01,2020-05-26T23:09:03,sample_snr,0.964517
NS.BER.00.HHZ.D,2020-05-26T23:08:01,2020-05-26T23:09:03,sample_snr,0.915616
NS.BER.00.HHE.D,2020-05-27T07:25:00,2020-05-27T07:26:02,sample_snr,1.09671
NS.BER.00.HHN.D,2020-05-27T07:25:00,2020-05-27T07:26:02,sample_snr,0.732158
NS.BER.00.HHZ.D,2020-05-27T07:25:00,2020-05-27T07:26:02,sample_snr,1.29928
NS.BER.00.HHE.D,2020-05-28T07:35:04,2020-05-28T07:36:06,sample_snr,0.803466
NS.BER.00.HHN.D,2020-05-28T07:35:04,2020-05-28T07:36:06,sample_snr,0.634902
NS.BER.00.HHZ.D,2020-05-28T07:35:04,2020-05-28T07:36:06,sample_snr,0.740342
NS.BER.00.HHE.D,2020-05-28T10:03:30,2020-05-28T10:04:32,sample_snr,0.877084
NS.BER.00.HHN.D,2020-05-28T10:03:30,2020-05-28T10:04:32,sample_snr,1.63666
NS.BER.00.HHZ.D,2020-05-28T10:03:30,2020-05-28T10:04:32,sample_snr,1.44758
NS.BER.00.HHE.D,2020-05-30T03:30:02,2020-05-30T03:31:04,sample_snr,1.55415
NS.BER.00.HHN.D,2020-05-30T03:30:02,2020-05-30T03:31:04,sample_snr,1.7128
NS.BER.00.HHZ.D,2020-05-30T03:30:02,2020-05-30T03:31:04,sample_snr,1.70707
NS.BER.00.HHE.D,2020-05-30T13:19:40,2020-05-30T13:20:42,sample_snr,1.1716
NS.BER.00.HHN.D,2020-05-30T13:19:40,2020-05-30T13:20:42,sample_snr,1.16328
NS.BER.00.HHZ.D,2020-05-30T13:19:40,2020-05-30T13:20:42,sample_snr,1.27541
NS.BER.00.HHE.D,2020-05-30T18:24:29,2020-05-30T18:25:31,sample_snr,1.71472
NS.BER.00.HHN.D,2020-05-30T18:24:29,2020-05-30T18:25:31,sample_snr,2.57315
NS.BER.00.HHZ.D,2020-05-30T18:24:29,2020-05-30T18:25:31,sample_snr,4.29847
NS.BER.00.HHE.D,2020-05-31T05:22:16,2020-05-31T05:23:18,sample_snr,1.36834
NS.BER.00.HHN.D,2020-05-31T05:22:16,2020-05-31T05:23:18,sample_snr,1.16706
NS.BER.00.HHZ.D,2020-05-31T05:22:16,2020-05-31T05:23:18,sample_snr,1.16971
NS.BER.00.HHE.D,2020-05-31T23:41:55,2020-05-31T23:42:57,sample_snr,1.00205
NS.BER.00.HHN.D,2020-05-31T23:41:55,2020-05-31T23:42:57,sample_snr,0.979417
NS.BER.00.HHZ.D,2020-05-31T23:41:55,2020-05-31T23:42:57,sample_snr,0.730638
NS.BER.00.HHE.D,2020-06-03T07:48:48,2020-06-03T07:49:50,sample_snr,1.08292
NS.BER.00.HHN.D,2020-06-03T07:48:48,2020-06-03T07:49:50,sample_snr,1.0734
NS.BER.00.HHZ.D,2020-06-03T07:48:48,2020-06-03T07:49:50,sample_snr,1.45265
NS.BER.00.HHE.D,2020-06-03T09:47:57,2020-06-03T09:48:59,sample_snr,1.09457
NS.BER.00.HHN.D,2020-06-03T09:47:57,2020-06-03T09:48:59,sample_snr,0.964199
NS.BER.00.HHZ.D,2020-06-03T09:47:57,2020-06-03T09:48:59,sample_snr,0.956017
NS.BER.00.HHE.D,2020-06-03T16:06:41,2020-06-03T16:07:43,sample_snr,1.00026
NS.BER.00.HHN.D,2020-06-03T16:06:41,2020-06-03T16:07:43,sample_snr,0.592742
NS.BER.00.HHZ.D,2020-06-03T16:06:41,2020-06-03T16:07:43,sample_snr,0.995548
NS.BER.00.HHE.D,2020-06-04T01:43:11,2020-06-04T01:44:13,sample_snr,1.58128
NS.BER.00.HHN.D,2020-06-04T01:43:11,2020-06-04T01:44:13,sample_snr,1.46866
NS.BER.00.HHZ.D,2020-06-04T01:43:11,2020-06-04T01:44:13,sample_snr,1.35274
NS.BER.00.HHE.D,2020-06-04T09:02:54,2020-06-04T09:03:56,sample_snr,0.756691
NS.BER.00.HHN.D,2020-06-04T09:02:54,2020-06-04T09:03:56,sample_snr,1.1716
NS.BER.00.HHZ.D,2020-06-04T09:02:54,2020-06-04T09:03:56,sample_snr,1.21848
NS.BER.00.HHE.D,2020-06-06T11:11:35,2020-06-06T11:12:37,sample_snr,0.777702
NS.BER.00.HHN.D,2020-06-06T11:11:35,2020-06-06T11:12:37,sample_snr,1.08073
NS.BER.00.HHZ.D,2020-06-06T11:11:35,2020-06-06T11:12:37,sample_snr,0.756975
NS.BER.00.HHE.D,2020-06-07T14:52:15,2020-06-07T14:53:17,sample_snr,1.33914
NS.BER.00.HHN.D,2020-06-07T14:52:15,2020-06-07T14:53:17,sample_snr,0.903743
NS.BER.00.HHZ.D,2020-06-07T14:52:15,2020-06-07T14:53:17,sample_snr,0.854876
NS.BER.00.HHE.D,2020-06-07T14:58:42,2020-06-07T14:59:44,sample_snr,1.13911
NS.BER.00.HHN.D,2020-06-07T14:58:42,2020-06-07T14:59:44,sample_snr,0.636502
NS.BER.00.HHZ.D,2020-06-07T14:58:42,2020-06-07T14:59:44,sample_snr,0.928905
NS.BER.00.HHE.D,2020-06-07T20:21:13,2020-06-07T20:22:15,sample_snr,0.900757
NS.BER.00.HHN.D,2020-06-07T20:21:13,2020-06-07T20:22:15,sample_snr,0.593298
NS.BER.00.HHZ.D,2020-06-07T20:21:13,2020-06-07T20:22:15,sample_snr,1.14324
NS.BER.00.HHE.D,2020-06-09T05:10:02,2020-06-09T05:11:04,sample_snr,0.907698
NS.BER.00.HHN.D,2020-06-09T05:10:02,2020-06-09T05:11:04,sample_snr,1.3933
NS.BER.00.HHZ.D,2020-06-09T05:10:02,2020-06-09T05:11:04,sample_snr,0.658738
NS.BER.00.HHE.D,2020-06-09T16:16:41,2020-06-09T16:17:43,sample_snr,0.964889
NS.BER.00.HHN.D,2020-06-09T16:16:41,2020-06-09T16:17:43,sample_snr,1.73225
NS.BER.00.HHZ.D,2020-06-09T16:16:41,2020-06-09T16:17:43,sample_snr,1.55028
NS.BER.00.HHE.D,2020-06-09T17:26:05,2020-06-09T17:27:07,sample_snr,2.30993
NS.BER.00.HHN.D,2020-06-09T17:26:05,2020-06-09T17:27:07,sample_snr,1.13289
NS.BER.00.HHZ.D,2020-06-09T17:26:05,2020-06-09T17:27:07,sample_snr,2.05203
NS.BER.00.HHE.D,2020-06-10T04:44:46,2020-06-10T04:45:48,sample_snr,0.911064
NS.BER.00.HHN.D,2020-06-10T04:44:46,2020-06-10T04:45:48,sample_snr,1.01503
NS.BER.00.HHZ.D,2020-06-10T04:44:46,2020-06-10T04:45:48,sample_snr,0.790739
NS.BER.00.HHE.D,2020-06-10T20:10:15,2020-06-10T20:11:17,sample_snr,1.07101
NS.BER.00.HHN.D,2020-06-10T20:10:15,2020-06-10T20:11:17,sample_snr,1.02432
NS.BER.00.HHZ.D,2020-06-10T20:10:15,2020-06-10T20:11:17,sample_snr,1.54875
NS.BER.00.HHE.D,2020-06-12T03:07:10,2020-06-12T03:08:12,sample_snr,0.907145
NS.BER.00.HHN.D,2020-06-12T03:07:10,2020-06-12T03:08:12,sample_snr,0.765811
NS.BER.00.HHZ.D,2020-06-12T03:07:10,2020-06-12T03:08:12,sample_snr,1.23096
NS.BER.00.HHE.D,2020-06-13T16:02:40,2020-06-13T16:03:42,sample_snr,6.10028
NS.BER.00.HHN.D,2020-06-13T16:02:40,2020-06-13T16:03:42,sample_snr,5.3492
NS.BER.00.HHZ.D,2020-06-13T16:02:40,2020-06-13T16:03:42,sample_snr,10.0363
NS.BER.00.HHE.D,2020-06-13T21:20:13,2020-06-13T21:21:15,sample_snr,1.56781
NS.BER.00.HHN.D,2020-06-13T21:20:13,2020-06-13T21:21:15,sample_snr,1.44221
NS.BER.00.HHZ.D,2020-06-13T21:20:13,2020-06-13T21:21:15,sample_snr,2.72657
NS.BER.00.HHE.D,2020-06-14T14:30:09,2020-06-14T14:31:11,sample_snr,3.39936
NS.BER.00.HHN.D,2020-06-14T14:30:09,2020-06-14T14:31:11,sample_snr,2.45131
NS.BER.00.HHZ.D,2020-06-14T14:30:09,2020-06-14T14:31:11,sample_snr,4.39189
NS.BER.00.HHE.D,2020-06-15T06:57:12,2020-06-15T06:58:14,sample_snr,1.67274
NS.BER.00.HHN.D,2020-06-15T06:57:12,2020-06-15T06:58:14,sample_snr,1.25561
NS.BER.00.HHZ.D,2020-06-15T06:57:12,2020-06-15T06:58:14,sample_snr,1.95322
NS.BER.00.HHE.D,2020-06-16T01:38:32,2020-06-16T01:39:34,sample_snr,2.78509
NS.BER.00.HHN.D,2020-06-16T01:38:32,2020-06-16T01:39:34,sample_snr,1.51961
NS.BER.00.HHZ.D,2020-06-16T01:38:32,2020-06-16T01:39:34,sample_snr,4.44343
NS.BER.00.HHE.D,2020-06-16T14:37:18,2020-06-16T14:38:20,sample_snr,1.44494
NS.BER.00.HHN.D,2020-06-16T14:37:18,2020-06-16T14:38:20,sample_snr,1.35319
NS.BER.00.HHZ.D,2020-06-16T14:37:18,2020-06-16T14:38:20,sample_snr,1.8841
NS.BER.00.HHE.D,2020-06-17T06:39:38,2020-06-17T06:40:40,sample_snr,1.09259
NS.BER.00.HHN.D,2020-06-17T06:39:38,2020-06-17T06:40:40,sample_snr,0.97555
NS.BER.00.HHZ.D,2020-06-17T06:39:38,2020-06-17T06:40:40,sample_snr,1.14596
NS.BER.00.HHE.D,2020-06-18T13:07:02,2020-06-18T13:08:04,sample_snr,1.21987
NS.BER.00.HHN.D,2020-06-18T13:07:02,2020-06-18T13:08:04,sample_snr,1.04253
NS.BER.00.HHZ.D,2020-06-18T13:07:02,2020-06-18T13:08:04,sample_snr,1.41413
NS.BER.00.HHE.D,2020-06-18T15:23:23,2020-06-18T15:24:25,sample_snr,0.89276
NS.BER.00.HHN.D,2020-06-18T15:23:23,2020-06-18T15:24:25,sample_snr,0.658928
NS.BER.00.HHZ.D,2020-06-18T15:23:23,2020-06-18T15:24:25,sample_snr,0.955476
NS.BER.00.HHE.D,2020-06-18T16:28:48,2020-06-18T16:29:50,sample_snr,1.44104
NS.BER.00.HHN.D,2020-06-18T16:28:48,2020-06-18T16:29:50,sample_snr,0.78737
NS.BER.00.HHZ.D,2020-06-18T16:28:48,2020-06-18T16:29:50,sample_snr,0.97502
NS.BER.00.HHE.D,2020-06-19T10:22:55,2020-06-19T10:23:57,sample_snr,1.00096
NS.BER.00.HHN.D,2020-06-19T10:22:55,2020-06-19T10:23:57,sample_snr,0.989896
NS.BER.00.HHZ.D,2020-06-19T10:22:55,2020-06-19T10:23:57,sample_snr,1.26934
NS.BER.00.HHE.D,2020-06-20T19:28:44,2020-06-20T19:29:46,sample_snr,4.19046
NS.BER.00.HHN.D,2020-06-20T19:28:44,2020-06-20T19:29:46,sample_snr,2.87189
NS.BER.00.HHZ.D,2020-06-20T19:28:44,2020-06-20T19:29:46,sample_snr,3.9014
NS.BER.00.HHE.D,2020-06-21T19:10:17,2020-06-21T19:11:19,sample_snr,5.1689
NS.BER.00.HHN.D,2020-06-21T19:10:17,2020-06-21T19:11:19,sample_snr,4.02439
NS.BER.00.HHZ.D,2020-06-21T19:10:17,2020-06-21T19:11:19,sample_snr,4.41091
NS.BER.00.HHE.D,2020-06-21T22:51:27,2020-06-21T22:52:29,sample_snr,0.960367
NS.BER.00.HHN.D,2020-06-21T22:51:27,2020-06-21T22:52:29,sample_snr,1.21146
NS.BER.00.HHZ.D,2020-06-21T22:51:27,2020-06-21T22:52:29,sample_snr,0.927136
NS.BER.00.HHE.D,2020-06-22T14:46:22,2020-06-22T14:47:24,sample_snr,1.2695
NS.BER.00.HHN.D,2020-06-22T14:46:22,2020-06-22T14:47:24,sample_snr,0.754997
NS.BER.00.HHZ.D,2020-06-22T14:46:22,2020-06-22T14:47:24,sample_snr,0.915849
NS.BER.00.HHE.D,2020-06-23T07:56:46,2020-06-23T07:57:48,sample_snr,1.00591
NS.BER.00.HHN.D,2020-06-23T07:56:46,2020-06-23T07:57:48,sample_snr,1.09354
NS.BER.00.HHZ.D,2020-06-23T07:56:46,2020-06-23T07:57:48,sample_snr,0.925253
NS.BER.00.HHE.D,2020-06-23T15:40:50,2020-06-23T15:41:52,sample_snr,58.0585
NS.BER.00.HHN.D,2020-06-23T15:40:50,2020-06-23T15:41:52,sample_snr,16.5803
NS.BER.00.HHZ.D,2020-06-23T15:40:50,2020-06-23T15:41:52,sample_snr,90.3519
NS.BER.00.HHE.D,2020-06-23T18:03:29,2020-06-23T18:04:31,sample_snr,0.735561
NS.BER.00.HHN.D,2020-06-23T18:03:29,2020-06-23T18:04:31,sample_snr,0.477597
NS.BER.00.HHZ.D,2020-06-23T18:03:29,2020-06-23T18:04:31,sample_snr,1.09043
NS.BER.00.HHE.D,2020-06-24T17:51:46,2020-06-24T17:52:48,sample_snr,1.30811
NS.BER.00.HHN.D,2020-06-24T17:51:46,2020-06-24T17:52:48,sample_snr,1.13366
NS.BER.00.HHZ.D,2020-06-24T17:51:46,2020-06-24T17:52:48,sample_snr,2.20141
NS.BER.00.HHE.D,2020-06-24T19:59:06,2020-06-24T20:00:08,sample_snr,1.14417
NS.BER.00.HHN.D,2020-06-24T19:59:06,2020-06-24T20:00:08,sample_snr,1.30873
NS.BER.00.HHZ.D,2020-06-24T19:59:06,2020-06-24T20:00:08,sample_snr,2.22222
NS.BER.00.HHE.D,2020-06-24T22:39:30,2020-06-24T22:40:32,sample_snr,1.53326
NS.BER.00.HHN.D,2020-06-24T22:39:30,2020-06-24T22:40:32,sample_snr,1.10135
NS.BER.00.HHZ.D,2020-06-24T22:39:30,2020-06-24T22:40:32,sample_snr,1.3855
NS.BER.00.HHE.D,2020-06-25T06:21:48,2020-06-25T06:22:50,sample_snr,0.974871
NS.BER.00.HHN.D,2020-06-25T06:21:48,2020-06-25T06:22:50,sample_snr,1.16906
NS.BER.00.HHZ.D,2020-06-25T06:21:48,2020-06-25T06:22:50,sample_snr,1.39945
NS.BER.00.HHE.D,2020-06-25T21:14:07,2020-06-25T21:15:09,sample_snr,4.83647
NS.BER.00.HHN.D,2020-06-25T21:14:07,2020-06-25T21:15:09,sample_snr,2.21877
NS.BER.00.HHZ.D,2020-06-25T21:14:07,2020-06-25T21:15:09,sample_snr,3.99831
NS.BER.00.HHE.D,2020-06-29T19:51:14,2020-06-29T19:52:16,sample_snr,1.5489
NS.BER.00.HHN.D,2020-06-29T19:51:14,2020-06-29T19:52:16,sample_snr,0.819435
NS.BER.00.HHZ.D,2020-06-29T19:51:14,2020-06-29T19:52:16,sample_snr,1.68615
NS.BER.00.HHE.D,2020-07-04T01:49:47,2020-07-04T01:50:49,sample_snr,1.00602
NS.BER.00.HHN.D,2020-07-04T01:49:47,2020-07-04T01:50:49,sample_snr,0.718271
NS.BER.00.HHZ.D,2020-07-04T01:49:47,2020-07-04T01:50:49,sample_snr,1.06189
NS.BER.00.HHE.D,2020-07-05T09:03:48,2020-07-05T09:04:50,sample_snr,1.37797
NS.BER.00.HHN.D,2020-07-05T09:03:48,2020-07-05T09:04:50,sample_snr,0.969086
NS.BER.00.HHZ.D,2020-07-05T09:03:48,2020-07-05T09:04:50,sample_snr,0.821783
NS.BER.00.HHE.D,2020-07-05T19:05:27,2020-07-05T19:06:29,sample_snr,1.63818
NS.BER.00.HHN.D,2020-07-05T19:05:27,2020-07-05T19:06:29,sample_snr,1.19093
NS.BER.00.HHZ.D,2020-07-05T19:05:27,2020-07-05T19:06:29,sample_snr,1.51783
NS.BER.00.HHE.D,2020-07-06T13:10:28,2020-07-06T13:11:30,sample_snr,0.862103
NS.BER.00.HHN.D,2020-07-06T13:10:28,2020-07-06T13:11:30,sample_snr,0.949054
NS.BER.00.HHZ.D,2020-07-06T13:10:28,2020-07-06T13:11:30,sample_snr,1.0078
NS.BER.00.HHE.D,2020-07-06T18:29:28,2020-07-06T18:30:30,sample_snr,0.958111
NS.BER.00.HHN.D,2020-07-06T18:29:28,2020-07-06T18:30:30,sample_snr,0.849206
NS.BER.00.HHZ.D,2020-07-06T18:29:28,2020-07-06T18:30:30,sample_snr,0.982937
NS.BER.00.HHE.D,2020-07-06T18:30:07,2020-07-06T18:31:09,sample_snr,1.07862
NS.BER.00.HHN.D,2020-07-06T18:30:07,2020-07-06T18:31:09,sample_snr,1.38764
NS.BER.00.HHZ.D,2020-07-06T18:30:07,2020-07-06T18:31:09,sample_snr,0.86011
NS.BER.00.HHE.D,2020-07-06T23:07:14,2020-07-06T23:08:16,sample_snr,1.44601
NS.BER.00.HHN.D,2020-07-06T23:07:14,2020-07-06T23:08:16,sample_snr,0.90306
NS.BER.00.HHZ.D,2020-07-06T23:07:14,2020-07-06T23:08:16,sample_snr,1.04761
NS.BER.00.HHE.D,2020-07-14T23:46:47,2020-07-14T23:47:49,sample_snr,0.963375
NS.BER.00.HHN.D,2020-07-14T23:46:47,2020-07-14T23:47:49,sample_snr,0.870458
NS.BER.00.HHZ.D,2020-07-14T23:46:47,2020-07-14T23:47:49,sample_snr,0.672489
NS.BER.00.HHE.D,2020-07-15T21:51:30,2020-07-15T21:52:32,sample_snr,2.70555
NS.BER.00.HHN.D,2020-07-15T21:51:30,2020-07-15T21:52:32,sample_snr,1.16553
NS.BER.00.HHZ.D,2020-07-15T21:51:30,2020-07-15T21:52:32,sample_snr,3.32667
NS.BER.00.HHE.D,2020-07-17T03:04:58,2020-07-17T03:06:00,sample_snr,1.7028
NS.BER.00.HHN.D,2020-07-17T03:04:58,2020-07-17T03:06:00,sample_snr,0.995015
NS.BER.00.HHZ.D,2020-07-17T03:04:58,2020-07-17T03:06:00,sample_snr,1.12467
NS.BER.00.HHE.D,2020-07-17T05:53:44,2020-07-17T05:54:46,sample_snr,0.896601
NS.BER.00.HHN.D,2020-07-17T05:53:44,2020-07-17T05:54:46,sample_snr,1.10413
NS.BER.00.HHZ.D,2020-07-17T05:53:44,2020-07-17T05:54:46,sample_snr,0.807635
NS.BER.00.HHE.D,2020-07-17T14:15:16,2020-07-17T14:16:18,sample_snr,0.972171
NS.BER.00.HHN.D,2020-07-17T14:15:16,2020-07-17T14:16:18,sample_snr,0.799214
NS.BER.00.HHZ.D,2020-07-17T14:15:16,2020-07-17T14:16:18,sample_snr,0.981846
NS.BER.00.HHE.D,2020-07-17T18:44:34,2020-07-17T18:45:36,sample_snr,0.991282
NS.BER.00.HHN.D,2020-07-17T18:44:34,2020-07-17T18:45:36,sample_snr,1.00691
NS.BER.00.HHZ.D,2020-07-17T18:44:34,2020-07-17T18:45:36,sample_snr,1.00805
NS.BER.00.HHE.D,2020-07-18T01:52:23,2020-07-18T01:53:25,sample_snr,0.782715
NS.BER.00.HHN.D,2020-07-18T01:52:23,2020-07-18T01:53:25,sample_snr,1.00968
NS.BER.00.HHZ.D,2020-07-18T01:52:23,2020-07-18T01:53:25,sample_snr,0.97437
NS.BER.00.HHE.D,2020-07-18T15:48:25,2020-07-18T15:49:27,sample_snr,1.0389
NS.BER.00.HHN.D,2020-07-18T15:48:25,2020-07-18T15:49:27,sample_snr,0.677995
NS.BER.00.HHZ.D,2020-07-18T15:48:25,2020-07-18T15:49:27,sample_snr,1.38996
NS.BER.00.HHE.D,2020-07-21T21:11:34,2020-07-21T21:12:36,sample_snr,1.21125
NS.BER.00.HHN.D,2020-07-21T21:11:34,2020-07-21T21:12:36,sample_snr,0.89874
NS.BER.00.HHZ.D,2020-07-21T21:11:34,2020-07-21T21:12:36,sample_snr,0.963589
NS.BER.00.HHE.D,2020-07-22T06:22:43,2020-07-22T06:23:45,sample_snr,13.0749
NS.BER.00.HHN.D,2020-07-22T06:22:43,2020-07-22T06:23:45,sample_snr,68.1484
NS.BER.00.HHZ.D,2020-07-22T06:22:43,2020-07-22T06:23:45,sample_snr,95.2939
NS.BER.00.HHE.D,2020-07-22T06:26:20,2020-07-22T06:27:22,sample_snr,0.881574
NS.BER.00.HHN.D,2020-07-22T06:26:20,2020-07-22T06:27:22,sample_snr,1.8453
NS.BER.00.HHZ.D,2020-07-22T06:26:20,2020-07-22T06:27:22,sample_snr,1.29208
NS.BER.00.HHE.D,2020-07-22T06:30:09,2020-07-22T06:31:11,sample_snr,0.580717
NS.BER.00.HHN.D,2020-07-22T06:30:09,2020-07-22T06:31:11,sample_snr,0.924831
NS.BER.00.HHZ.D,2020-07-22T06:30:09,2020-07-22T06:31:11,sample_snr,0.893582
NS.BER.00.HHE.D,2020-07-22T08:23:26,2020-07-22T08:24:28,sample_snr,1.04246
NS.BER.00.HHN.D,2020-07-22T08:23:26,2020-07-22T08:24:28,sample_snr,1.07324
NS.BER.00.HHZ.D,2020-07-22T08:23:26,2020-07-22T08:24:28,sample_snr,1.21105
NS.BER.00.HHE.D,2020-07-22T20:16:37,2020-07-22T20:17:39,sample_snr,8.20031
NS.BER.00.HHN.D,2020-07-22T20:16:37,2020-07-22T20:17:39,sample_snr,2.91087
NS.BER.00.HHZ.D,2020-07-22T20:16:37,2020-07-22T20:17:39,sample_snr,10.7847
NS.BER.00.HHE.D,2020-07-22T21:49:55,2020-07-22T21:50:57,sample_snr,1.23955
NS.BER.00.HHN.D,2020-07-22T21:49:55,2020-07-22T21:50:57,sample_snr,1.8371
NS.BER.00.HHZ.D,2020-07-22T21:49:55,2020-07-22T21:50:57,sample_snr,2.30712
NS.BER.00.HHE.D,2020-07-24T03:31:39,2020-07-24T03:32:41,sample_snr,1.40675
NS.BER.00.HHN.D,2020-07-24T03:31:39,2020-07-24T03:32:41,sample_snr,1.21272
NS.BER.00.HHZ.D,2020-07-24T03:31:39,2020-07-24T03:32:41,sample_snr,1.78622
NS.BER.00.HHE.D,2020-07-26T01:08:57,2020-07-26T01:09:59,sample_snr,1.76033
NS.BER.00.HHN.D,2020-07-26T01:08:57,2020-07-26T01:09:59,sample_snr,0.558849
NS.BER.00.HHZ.D,2020-07-26T01:08:57,2020-07-26T01:09:59,sample_snr,1.48851
NS.BER.00.HHE.D,2020-07-27T17:45:39,2020-07-27T17:46:41,sample_snr,1.12497
NS.BER.00.HHN.D,2020-07-27T17:45:39,2020-07-27T17:46:41,sample_snr,1.2462
NS.BER.00.HHZ.D,2020-07-27T17:45:39,2020-07-27T17:46:41,sample_snr,1.07071
NS.BER.00.HHE.D,2020-07-27T19:44:37,2020-07-27T19:45:39,sample_snr,1.07777
NS.BER.00.HHN.D,2020-07-27T19:44:37,2020-07-27T19:45:39,sample_snr,0.914401
NS.BER.00.HHZ.D,2020-07-27T19:44:37,2020-07-27T19:45:39,sample_snr,0.663652
NS.BER.00.HHE.D,2020-07-28T08:13:44,2020-07-28T08:14:46,sample_snr,0.866451
NS.BER.00.HHN.D,2020-07-28T08:13:44,2020-07-28T08:14:46,sample_snr,0.898311
NS.BER.00.HHZ.D,2020-07-28T08:13:44,2020-07-28T08:14:46,sample_snr,0.820082
NS.BER.00.HHE.D,2020-07-29T09:22:15,2020-07-29T09:23:17,sample_snr,0.678897
NS.BER.00.HHN.D,2020-07-29T09:22:15,2020-07-29T09:23:17,sample_snr,0.999196
NS.BER.00.HHZ.D,2020-07-29T09:22:15,2020-07-29T09:23:17,sample_snr,1.39252
NS.BER.00.HHE.D,2020-07-30T00:47:46,2020-07-30T00:48:48,sample_snr,1.18853
NS.BER.00.HHN.D,2020-07-30T00:47:46,2020-07-30T00:48:48,sample_snr,1.02965
NS.BER.00.HHZ.D,2020-07-30T00:47:46,2020-07-30T00:48:48,sample_snr,2.02929
NS.BER.00.HHE.D,2020-07-30T19:32:55,2020-07-30T19:33:57,sample_snr,1.42343
NS.BER.00.HHN.D,2020-07-30T19:32:55,2020-07-30T19:33:57,sample_snr,0.884787
NS.BER.00.HHZ.D,2020-07-30T19:32:55,2020-07-30T19:33:57,sample_snr,1.47777
NS.BER.00.HHE.D,2020-07-31T06:19:40,2020-07-31T06:20:42,sample_snr,0.748019
NS.BER.00.HHN.D,2020-07-31T06:19:40,2020-07-31T06:20:42,sample_snr,1.05127
NS.BER.00.HHZ.D,2020-07-31T06:19:40,2020-07-31T06:20:42,sample_snr,1.04235
NS.BER.00.HHE.D,2020-07-31T10:17:12,2020-07-31T10:18:14,sample_snr,0.913353
NS.BER.00.HHN.D,2020-07-31T10:17:12,2020-07-31T10:18:14,sample_snr,1.1009
NS.BER.00.HHZ.D,2020-07-31T10:17:12,2020-07-31T10:18:14,sample_snr,1.02124
NS.BER.00.HHE.D,2020-08-01T09:29:20,2020-08-01T09:30:22,sample_snr,1.32514
NS.BER.00.HHN.D,2020-08-01T09:29:20,2020-08-01T09:30:22,sample_snr,1.12694
NS.BER.00.HHZ.D,2020-08-01T09:29:20,2020-08-01T09:30:22,sample_snr,1.58982
NS.BER.00.HHE.D,2020-08-01T17:21:10,2020-08-01T17:22:12,sample_snr,1.29113
NS.BER.00.HHN.D,2020-08-01T17:21:10,2020-08-01T17:22:12,sample_snr,0.78979
NS.BER.00.HHZ.D,2020-08-01T17:21:10,2020-08-01T17:22:12,sample_snr,1.41405
NS.BER.00.HHE.D,2020-08-01T19:23:16,2020-08-01T19:24:18,sample_snr,1.28072
NS.BER.00.HHN.D,2020-08-01T19:23:16,2020-08-01T19:24:18,sample_snr,1.22525
NS.BER.00.HHZ.D,2020-08-01T19:23:16,2020-08-01T19:24:18,sample_snr,1.05039
NS.BER.00.HHE.D,2020-08-01T19:36:31,2020-08-01T19:37:33,sample_snr,1.07037
NS.BER.00.HHN.D,2020-08-01T19:36:31,2020-08-01T19:37:33,sample_snr,0.956005
NS.BER.00.HHZ.D,2020-08-01T19:36:31,2020-08-01T19:37:33,sample_snr,0.933838
NS.BER.00.HHE.D,2020-08-01T20:02:09,2020-08-01T20:03:11,sample_snr,0.791552
NS.BER.00.HHN.D,2020-08-01T20:02:09,2020-08-01T20:03:11,sample_snr,1.15624
NS.BER.00.HHZ.D,2020-08-01T20:02:09,2020-08-01T20:03:11,sample_snr,0.858652
NS.BER.00.HHE.D,2020-08-02T03:17:43,2020-08-02T03:18:45,sample_snr,1.01013
NS.BER.00.HHN.D,2020-08-02T03:17:43,2020-08-02T03:18:45,sample_snr,1.20112
NS.BER.00.HHZ.D,2020-08-02T03:17:43,2020-08-02T03:18:45,sample_snr,0.73128
NS.BER.00.HHE.D,2020-08-02T09:44:24,2020-08-02T09:45:26,sample_snr,0.683098
NS.BER.00.HHN.D,2020-08-02T09:44:24,2020-08-02T09:45:26,sample_snr,0.935528
NS.BER.00.HHZ.D,2020-08-02T09:44:24,2020-08-02T09:45:26,sample_snr,0.667094
NS.BER.00.HHE.D,2020-08-03T12:09:52,2020-08-03T12:10:54,sample_snr,0.982611
NS.BER.00.HHN.D,2020-08-03T12:09:52,2020-08-03T12:10:54,sample_snr,0.85283
NS.BER.00.HHZ.D,2020-08-03T12:09:52,2020-08-03T12:10:54,sample_snr,1.19373
NS.BER.00.HHE.D,2020-08-03T21:35:55,2020-08-03T21:36:57,sample_snr,0.943636
NS.BER.00.HHN.D,2020-08-03T21:35:55,2020-08-03T21:36:57,sample_snr,0.865513
NS.BER.00.HHZ.D,2020-08-03T21:35:55,2020-08-03T21:36:57,sample_snr,0.770246
NS.BER.00.HHE.D,2020-08-04T09:43:18,2020-08-04T09:44:20,sample_snr,0.67087
NS.BER.00.HHN.D,2020-08-04T09:43:18,2020-08-04T09:44:20,sample_snr,1.09021
NS.BER.00.HHZ.D,2020-08-04T09:43:18,2020-08-04T09:44:20,sample_snr,0.80276
NS.BER.00.HHE.D,2020-08-04T16:46:39,2020-08-04T16:47:41,sample_snr,1.04526
NS.BER.00.HHN.D,2020-08-04T16:46:39,2020-08-04T16:47:41,sample_snr,0.84303
NS.BER.00.HHZ.D,2020-08-04T16:46:39,2020-08-04T16:47:41,sample_snr,1.43358
NS.BER.00.HHE.D,2020-08-04T19:29:41,2020-08-04T19:30:43,sample_snr,1.33702
NS.BER.00.HHN.D,2020-08-04T19:29:41,2020-08-04T19:30:43,sample_snr,1.20503
NS.BER.00.HHZ.D,2020-08-04T19:29:41,2020-08-04T19:30:43,sample_snr,1.50291
NS.BER.00.HHE.D,2020-08-05T12:21:00,2020-08-05T12:22:02,sample_snr,1.04951
NS.BER.00.HHN.D,2020-08-05T12:21:00,2020-08-05T12:22:02,sample_snr,1.25678
NS.BER.00.HHZ.D,2020-08-05T12:21:00,2020-08-05T12:22:02,sample_snr,1.50368
NS.BER.00.HHE.D,2020-08-06T23:50:27,2020-08-06T23:51:29,sample_snr,0.961048
NS.BER.00.HHN.D,2020-08-06T23:50:27,2020-08-06T23:51:29,sample_snr,0.902672
NS.BER.00.HHZ.D,2020-08-06T23:50:27,2020-08-06T23:51:29,sample_snr,0.874753
NS.BER.00.HHE.D,2020-08-08T14:52:55,2020-08-08T14:53:57,sample_snr,1.37583
NS.BER.00.HHN.D,2020-08-08T14:52:55,2020-08-08T14:53:57,sample_snr,1.0498
NS.BER.00.HHZ.D,2020-08-08T14:52:55,2020-08-08T14:53:57,sample_snr,1.58139
NS.BER.00.HHE.D,2020-08-09T12:52:19,2020-08-09T12:53:21,sample_snr,0.937184
NS.BER.00.HHN.D,2020-08-09T12:52:19,2020-08-09T12:53:21,sample_snr,1.2259
NS.BER.00.HHZ.D,2020-08-09T12:52:19,2020-08-09T12:53:21,sample_snr,1.20458
NS.BER.00.HHE.D,2020-08-09T23:56:47,2020-08-09T23:57:49,sample_snr,1.09833
NS.BER.00.HHN.D,2020-08-09T23:56:47,2020-08-09T23:57:49,sample_snr,1.02926
NS.BER.00.HHZ.D,2020-08-09T23:56:47,2020-08-09T23:57:49,sample_snr,1.3004
NS.BER.00.HHE.D,2020-08-10T14:24:43,2020-08-10T14:25:45,sample_snr,1.12444
NS.BER.00.HHN.D,2020-08-10T14:24:43,2020-08-10T14:25:45,sample_snr,1.03037
NS.BER.00.HHZ.D,2020-08-10T14:24:43,2020-08-10T14:25:45,sample_snr,1.43793
NS.BER.00.HHE.D,2020-08-12T17:24:13,2020-08-12T17:25:15,sample_snr,1.69201
NS.BER.00.HHN.D,2020-08-12T17:24:13,2020-08-12T17:25:15,sample_snr,1.78922
NS.BER.00.HHZ.D,2020-08-12T17:24:13,2020-08-12T17:25:15,sample_snr,2.30285
NS.BER.00.HHE.D,2020-08-12T22:44:41,2020-08-12T22:45:43,sample_snr,1.33652
NS.BER.00.HHN.D,2020-08-12T22:44:41,2020-08-12T22:45:43,sample_snr,1.13796
NS.BER.00.HHZ.D,2020-08-12T22:44:41,2020-08-12T22:45:43,sample_snr,1.76474
NS.BER.00.HHE.D,2020-08-12T22:49:19,2020-08-12T22:50:21,sample_snr,1.33034
NS.BER.00.HHN.D,2020-08-12T22:49:19,2020-08-12T22:50:21,sample_snr,0.996876
NS.BER.00.HHZ.D,2020-08-12T22:49:19,2020-08-12T22:50:21,sample_snr,1.49658
NS.BER.00.HHE.D,2020-08-13T06:50:12,2020-08-13T06:51:14,sample_snr,1.14373
NS.BER.00.HHN.D,2020-08-13T06:50:12,2020-08-13T06:51:14,sample_snr,1.40248
NS.BER.00.HHZ.D,2020-08-13T06:50:12,2020-08-13T06:51:14,sample_snr,2.36538
NS.BER.00.HHE.D,2020-08-15T06:55:34,2020-08-15T06:56:36,sample_snr,1.24379
NS.BER.00.HHN.D,2020-08-15T06:55:34,2020-08-15T06:56:36,sample_snr,0.812167
NS.BER.00.HHZ.D,2020-08-15T06:55:34,2020-08-15T06:56:36,sample_snr,0.7007
NS.BER.00.HHE.D,2020-08-16T20:16:19,2020-08-16T20:17:21,sample_snr,0.980697
NS.BER.00.HHN.D,2020-08-16T20:16:19,2020-08-16T20:17:21,sample_snr,1.31663
NS.BER.00.HHZ.D,2020-08-16T20:16:19,2020-08-16T20:17:21,sample_snr,1.22525
NS.BER.00.HHE.D,2020-08-18T00:16:30,2020-08-18T00:17:32,sample_snr,3.39286
NS.BER.00.HHN.D,2020-08-18T00:16:30,2020-08-18T00:17:32,sample_snr,2.31537
NS.BER.00.HHZ.D,2020-08-18T00:16:30,2020-08-18T00:17:32,sample_snr,5.63947
NS.BER.00.HHE.D,2020-08-18T04:54:05,2020-08-18T04:55:07,sample_snr,0.996169
NS.BER.00.HHN.D,2020-08-18T04:54:05,2020-08-18T04:55:07,sample_snr,0.980156
NS.BER.00.HHZ.D,2020-08-18T04:54:05,2020-08-18T04:55:07,sample_snr,1.07494
NS.BER.00.HHE.D,2020-08-18T22:36:56,2020-08-18T22:37:58,sample_snr,3.27467
NS.BER.00.HHN.D,2020-08-18T22:36:56,2020-08-18T22:37:58,sample_snr,0.799864
NS.BER.00.HHZ.D,2020-08-18T22:36:56,2020-08-18T22:37:58,sample_snr,4.45443
NS.BER.00.HHE.D,2020-08-18T22:42:20,2020-08-18T22:43:22,sample_snr,2.62505
NS.BER.00.HHN.D,2020-08-18T22:42:20,2020-08-18T22:43:22,sample_snr,1.08273
NS.BER.00.HHZ.D,2020-08-18T22:42:20,2020-08-18T22:43:22,sample_snr,4.86347
NS.BER.00.HHE.D,2020-08-21T04:22:42,2020-08-21T04:23:44,sample_snr,1.64629
NS.BER.00.HHN.D,2020-08-21T04:22:42,2020-08-21T04:23:44,sample_snr,1.00439
NS.BER.00.HHZ.D,2020-08-21T04:22:42,2020-08-21T04:23:44,sample_snr,1.01591
NS.BER.00.HHE.D,2020-08-22T00:52:31,2020-08-22T00:53:33,sample_snr,0.879215
NS.BER.00.HHN.D,2020-08-22T00:52:31,2020-08-22T00:53:33,sample_snr,0.695893
NS.BER.00.HHZ.D,2020-08-22T00:52:31,2020-08-22T00:53:33,sample_snr,0.696533
NS.BER.00.HHE.D,2020-08-22T08:48:36,2020-08-22T08:49:38,sample_snr,0.894969
NS.BER.00.HHN.D,2020-08-22T08:48:36,2020-08-22T08:49:38,sample_snr,0.851097
NS.BER.00.HHZ.D,2020-08-22T08:48:36,2020-08-22T08:49:38,sample_snr,0.748527
NS.BER.00.HHE.D,2020-08-22T10:32:04,2020-08-22T10:33:06,sample_snr,0.844879
NS.BER.00.HHN.D,2020-08-22T10:32:04,2020-08-22T10:33:06,sample_snr,1.64059
NS.BER.00.HHZ.D,2020-08-22T10:32:04,2020-08-22T10:33:06,sample_snr,0.844781
NS.BER.00.HHE.D,2020-08-22T12:15:26,2020-08-22T12:16:28,sample_snr,0.928468
NS.BER.00.HHN.D,2020-08-22T12:15:26,2020-08-22T12:16:28,sample_snr,0.809936
NS.BER.00.HHZ.D,2020-08-22T12:15:26,2020-08-22T12:16:28,sample_snr,1.45151
NS.BER.00.HHE.D,2020-08-24T17:30:44,2020-08-24T17:31:46,sample_snr,0.466282
NS.BER.00.HHN.D,2020-08-24T17:30:44,2020-08-24T17:31:46,sample_snr,1.24745
NS.BER.00.HHZ.D,2020-08-24T17:30:44,2020-08-24T17:31:46,sample_snr,0.846055
NS.BER.00.HHE.D,2020-08-24T22:02:55,2020-08-24T22:03:57,sample_snr,0.882428
NS.BER.00.HHN.D,2020-08-24T22:02:55,2020-08-24T22:03:57,sample_snr,1.74038
NS.BER.00.HHZ.D,2020-08-24T22:02:55,2020-08-24T22:03:57,sample_snr,0.924578
NS.BER.00.HHE.D,2020-08-25T05:30:44,2020-08-25T05:31:46,sample_snr,1.59308
NS.BER.00.HHN.D,2020-08-25T05:30:44,2020-08-25T05:31:46,sample_snr,1.44661
NS.BER.00.HHZ.D,2020-08-25T05:30:44,2020-08-25T05:31:46,sample_snr,1.59519
NS.BER.00.HHE.D,2020-08-25T19:17:37,2020-08-25T19:18:39,sample_snr,1.32206
NS.BER.00.HHN.D,2020-08-25T19:17:37,2020-08-25T19:18:39,sample_snr,0.742117
NS.BER.00.HHZ.D,2020-08-25T19:17:37,2020-08-25T19:18:39,sample_snr,0.869289
NS.BER.00.HHE.D,2020-08-25T19:19:22,2020-08-25T19:20:24,sample_snr,0.866565
NS.BER.00.HHN.D,2020-08-25T19:19:22,2020-08-25T19:20:24,sample_snr,1.36184
NS.BER.00.HHZ.D,2020-08-25T19:19:22,2020-08-25T19:20:24,sample_snr,0.791315
NS.BER.00.HHE.D,2020-08-25T19:23:32,2020-08-25T19:24:34,sample_snr,0.849165
NS.BER.00.HHN.D,2020-08-25T19:23:32,2020-08-25T19:24:34,sample_snr,0.984115
NS.BER.00.HHZ.D,2020-08-25T19:23:32,2020-08-25T19:24:34,sample_snr,0.64064
NS.BER.00.HHE.D,2020-08-28T02:38:39,2020-08-28T02:39:41,sample_snr,0.973369
NS.BER.00.HHN.D,2020-08-28T02:38:39,2020-08-28T02:39:41,sample_snr,0.738567
NS.BER.00.HHZ.D,2020-08-28T02:38:39,2020-08-28T02:39:41,sample_snr,1.22186
NS.BER.00.HHE.D,2020-08-28T16:04:28,2020-08-28T16:05:30,sample_snr,1.38607
NS.BER.00.HHN.D,2020-08-28T16:04:28,2020-08-28T16:05:30,sample_snr,0.890101
NS.BER.00.HHZ.D,2020-08-28T16:04:28,2020-08-28T16:05:30,sample_snr,1.36584
NS.BER.00.HHE.D,2020-08-30T21:30:41,2020-08-30T21:31:43,sample_snr,1.81069
NS.BER.00.HHN.D,2020-08-30T21:30:41,2020-08-30T21:31:43,sample_snr,2.85306
NS.BER.00.HHZ.D,2020-08-30T21:30:41,2020-08-30T21:31:43,sample_snr,3.99054
NS.BER.00.HHE.D,2020-08-31T17:35:51,2020-08-31T17:36:53,sample_snr,0.910834
NS.BER.00.HHN.D,2020-08-31T17:35:51,2020-08-31T17:36:53,sample_snr,0.85432
NS.BER.00.HHZ.D,2020-08-31T17:35:51,2020-08-31T17:36:53,sample_snr,2.17212
NS.BER.00.HHE.D,2020-08-31T20:45:32,2020-08-31T20:46:34,sample_snr,1.07338
NS.BER.00.HHN.D,2020-08-31T20:45:32,2020-08-31T20:46:34,sample_snr,1.5384
NS.BER.00.HHZ.D,2020-08-31T20:45:32,2020-08-31T20:46:34,sample_snr,1.45881
NS.BER.00.HHE.D,2020-08-31T21:31:05,2020-08-31T21:32:07,sample_snr,1.13891
NS.BER.00.HHN.D,2020-08-31T21:31:05,2020-08-31T21:32:07,sample_snr,1.24645
NS.BER.00.HHZ.D,2020-08-31T21:31:05,2020-08-31T21:32:07,sample_snr,1.18413
NS.BER.00.HHE.D,2020-09-01T01:00:46,2020-09-01T01:01:48,sample_snr,0.703087
NS.BER.00.HHN.D,2020-09-01T01:00:46,2020-09-01T01:01:48,sample_snr,0.976282
NS.BER.00.HHZ.D,2020-09-01T01:00:46,2020-09-01T01:01:48,sample_snr,1.18209
NS.BER.00.HHE.D,2020-09-01T04:23:15,2020-09-01T04:24:17,sample_snr,1.79152
NS.BER.00.HHN.D,2020-09-01T04:23:15,2020-09-01T04:24:17,sample_snr,1.32493
NS.BER.00.HHZ.D,2020-09-01T04:23:15,2020-09-01T04:24:17,sample_snr,3.32594
NS.BER.00.HHE.D,2020-09-01T04:43:50,2020-09-01T04:44:52,sample_snr,1.08261
NS.BER.00.HHN.D,2020-09-01T04:43:50,2020-09-01T04:44:52,sample_snr,0.94604
NS.BER.00.HHZ.D,2020-09-01T04:43:50,2020-09-01T04:44:52,sample_snr,0.993327
NS.BER.00.HHE.D,2020-09-01T07:15:13,2020-09-01T07:16:15,sample_snr,0.931081
NS.BER.00.HHN.D,2020-09-01T07:15:13,2020-09-01T07:16:15,sample_snr,0.86554
NS.BER.00.HHZ.D,2020-09-01T07:15:13,2020-09-01T07:16:15,sample_snr,1.12216
NS.BER.00.HHE.D,2020-09-01T10:45:39,2020-09-01T10:46:41,sample_snr,1.12386
NS.BER.00.HHN.D,2020-09-01T10:45:39,2020-09-01T10:46:41,sample_snr,1.30156
NS.BER.00.HHZ.D,2020-09-01T10:45:39,2020-09-01T10:46:41,sample_snr,1.32181
NS.BER.00.HHE.D,2020-09-01T21:23:05,2020-09-01T21:24:07,sample_snr,0.965367
NS.BER.00.HHN.D,2020-09-01T21:23:05,2020-09-01T21:24:07,sample_snr,1.27347
NS.BER.00.HHZ.D,2020-09-01T21:23:05,2020-09-01T21:24:07,sample_snr,1.05517
NS.BER.00.HHE.D,2020-09-04T17:57:10,2020-09-04T17:58:11,sample_snr,0.672311
NS.BER.00.HHN.D,2020-09-04T17:57:10,2020-09-04T17:58:11,sample_snr,1.27246
NS.BER.00.HHZ.D,2020-09-04T17:57:10,2020-09-04T17:58:11,sample_snr,1.04598
NS.BER.00.HHE.D,2020-09-06T00:34:36,2020-09-06T00:35:38,sample_snr,0.482225
NS.BER.00.HHN.D,2020-09-06T00:34:36,2020-09-06T00:35:38,sample_snr,0.807311
NS.BER.00.HHZ.D,2020-09-06T00:34:36,2020-09-06T00:35:38,sample_snr,0.793846
NS.BER.00.HHE.D,2020-09-06T01:30:54,2020-09-06T01:31:56,sample_snr,1.09813
NS.BER.00.HHN.D,2020-09-06T01:30:54,2020-09-06T01:31:56,sample_snr,0.881467
NS.BER.00.HHZ.D,2020-09-06T01:30:54,2020-09-06T01:31:56,sample_snr,1.44647
NS.BER.00.HHE.D,2020-09-06T03:15:05,2020-09-06T03:16:07,sample_snr,0.890482
NS.BER.00.HHN.D,2020-09-06T03:15:05,2020-09-06T03:16:07,sample_snr,1.45275
NS.BER.00.HHZ.D,2020-09-06T03:15:05,2020-09-06T03:16:07,sample_snr,1.32931
NS.BER.00.HHE.D,2020-09-06T07:01:04,2020-09-06T07:02:06,sample_snr,0.973606
NS.BER.00.HHN.D,2020-09-06T07:01:04,2020-09-06T07:02:06,sample_snr,2.05347
NS.BER.00.HHZ.D,2020-09-06T07:01:04,2020-09-06T07:02:06,sample_snr,1.36479
NS.BER.00.HHE.D,2020-09-06T15:11:32,2020-09-06T15:12:34,sample_snr,1.30324
NS.BER.00.HHN.D,2020-09-06T15:11:32,2020-09-06T15:12:34,sample_snr,1.01326
NS.BER.00.HHZ.D,2020-09-06T15:11:32,2020-09-06T15:12:34,sample_snr,0.931703
NS.BER.00.HHE.D,2020-09-06T15:36:38,2020-09-06T15:37:40,sample_snr,1.03673
NS.BER.00.HHN.D,2020-09-06T15:36:38,2020-09-06T15:37:40,sample_snr,1.10784
NS.BER.00.HHZ.D,2020-09-06T15:36:38,2020-09-06T15:37:40,sample_snr,0.927674
NS.BER.00.HHE.D,2020-09-07T06:28:29,2020-09-07T06:29:31,sample_snr,1.16729
NS.BER.00.HHN.D,2020-09-07T06:28:29,2020-09-07T06:29:31,sample_snr,1.22552
NS.BER.00.HHZ.D,2020-09-07T06:28:29,2020-09-07T06:29:31,sample_snr,1.26508
NS.BER.00.HHE.D,2020-09-07T06:45:04,2020-09-07T06:46:06,sample_snr,1.15004
NS.BER.00.HHN.D,2020-09-07T06:45:04,2020-09-07T06:46:06,sample_snr,0.93811
NS.BER.00.HHZ.D,2020-09-07T06:45:04,2020-09-07T06:46:06,sample_snr,1.26975
NS.BER.00.HHE.D,2020-09-07T17:55:47,2020-09-07T17:56:49,sample_snr,1.61626
NS.BER.00.HHN.D,2020-09-07T17:55:47,2020-09-07T17:56:49,sample_snr,0.673883
NS.BER.00.HHZ.D,2020-09-07T17:55:47,2020-09-07T17:56:49,sample_snr,0.728048
NS.BER.00.HHE.D,2020-09-08T00:59:02,2020-09-08T01:00:04,sample_snr,1.37425
NS.BER.00.HHN.D,2020-09-08T00:59:02,2020-09-08T01:00:04,sample_snr,1.38595
NS.BER.00.HHZ.D,2020-09-08T00:59:02,2020-09-08T01:00:04,sample_snr,0.840872
NS.BER.00.HHE.D,2020-09-09T07:31:58,2020-09-09T07:33:00,sample_snr,1.01763
NS.BER.00.HHN.D,2020-09-09T07:31:58,2020-09-09T07:33:00,sample_snr,1.33374
NS.BER.00.HHZ.D,2020-09-09T07:31:58,2020-09-09T07:33:00,sample_snr,1.28913
NS.BER.00.HHE.D,2020-09-11T07:49:12,2020-09-11T07:50:14,sample_snr,1.41926
NS.BER.00.HHN.D,2020-09-11T07:49:12,2020-09-11T07:50:14,sample_snr,0.961673
NS.BER.00.HHZ.D,2020-09-11T07:49:12,2020-09-11T07:50:14,sample_snr,1.06444
NS.BER.00.HHE.D,2020-09-12T02:52:30,2020-09-12T02:53:32,sample_snr,1.19281
NS.BER.00.HHN.D,2020-09-12T02:52:30,2020-09-12T02:53:32,sample_snr,0.866306
NS.BER.00.HHZ.D,2020-09-12T02:52:30,2020-09-12T02:53:32,sample_snr,0.743199
NS.BER.00.HHE.D,2020-09-12T02:55:16,2020-09-12T02:56:18,sample_snr,0.925417
NS.BER.00.HHN.D,2020-09-12T02:55:16,2020-09-12T02:56:18,sample_snr,0.705823
NS.BER.00.HHZ.D,2020-09-12T02:55:16,2020-09-12T02:56:18,sample_snr,0.839618
NS.BER.00.HHE.D,2020-09-12T08:50:16,2020-09-12T08:51:18,sample_snr,1.16023
NS.BER.00.HHN.D,2020-09-12T08:50:16,2020-09-12T08:51:18,sample_snr,0.958177
NS.BER.00.HHZ.D,2020-09-12T08:50:16,2020-09-12T08:51:18,sample_snr,0.58351
NS.BER.00.HHE.D,2020-09-15T03:50:39,2020-09-15T03:51:41,sample_snr,1.97125
NS.BER.00.HHN.D,2020-09-15T03:50:39,2020-09-15T03:51:41,sample_snr,1.67106
NS.BER.00.HHZ.D,2020-09-15T03:50:39,2020-09-15T03:51:41,sample_snr,2.46934
NS.BER.00.HHE.D,2020-09-15T04:28:03,2020-09-15T04:29:05,sample_snr,0.82163
NS.BER.00.HHN.D,2020-09-15T04:28:03,2020-09-15T04:29:05,sample_snr,0.716224
NS.BER.00.HHZ.D,2020-09-15T04:28:03,2020-09-15T04:29:05,sample_snr,0.9864
NS.BER.00.HHE.D,2020-09-16T09:00:31,2020-09-16T09:01:33,sample_snr,1.15503
NS.BER.00.HHN.D,2020-09-16T09:00:31,2020-09-16T09:01:33,sample_snr,0.957901
NS.BER.00.HHZ.D,2020-09-16T09:00:31,2020-09-16T09:01:33,sample_snr,1.18575
NS.BER.00.HHE.D,2020-09-17T03:10:03,2020-09-17T03:11:05,sample_snr,1.15205
NS.BER.00.HHN.D,2020-09-17T03:10:03,2020-09-17T03:11:05,sample_snr,1.11678
NS.BER.00.HHZ.D,2020-09-17T03:10:03,2020-09-17T03:11:05,sample_snr,1.32845
NS.BER.00.HHE.D,2020-09-17T10:46:12,2020-09-17T10:47:14,sample_snr,1.34944
NS.BER.00.HHN.D,2020-09-17T10:46:12,2020-09-17T10:47:14,sample_snr,1.17341
NS.BER.00.HHZ.D,2020-09-17T10:46:12,2020-09-17T10:47:14,sample_snr,1.70346
NS.BER.00.HHE.D,2020-09-17T17:17:26,2020-09-17T17:18:28,sample_snr,1.06377
NS.BER.00.HHN.D,2020-09-17T17:17:26,2020-09-17T17:18:28,sample_snr,0.587398
NS.BER.00.HHZ.D,2020-09-17T17:17:26,2020-09-17T17:18:28,sample_snr,0.785989
NS.BER.00.HHE.D,2020-09-18T16:33:37,2020-09-18T16:34:39,sample_snr,1.01964
NS.BER.00.HHN.D,2020-09-18T16:33:37,2020-09-18T16:34:39,sample_snr,1.13487
NS.BER.00.HHZ.D,2020-09-18T16:33:37,2020-09-18T16:34:39,sample_snr,1.14956
NS.BER.00.HHE.D,2020-09-18T21:54:04,2020-09-18T21:55:06,sample_snr,1.54657
NS.BER.00.HHN.D,2020-09-18T21:54:04,2020-09-18T21:55:06,sample_snr,3.05612
NS.BER.00.HHZ.D,2020-09-18T21:54:04,2020-09-18T21:55:06,sample_snr,2.66739
NS.BER.00.HHE.D,2020-09-19T21:23:49,2020-09-19T21:24:51,sample_snr,0.859102
NS.BER.00.HHN.D,2020-09-19T21:23:49,2020-09-19T21:24:51,sample_snr,0.901956
NS.BER.00.HHZ.D,2020-09-19T21:23:49,2020-09-19T21:24:51,sample_snr,1.20422
NS.BER.00.HHE.D,2020-09-20T09:54:59,2020-09-20T09:56:01,sample_snr,1.11774
NS.BER.00.HHN.D,2020-09-20T09:54:59,2020-09-20T09:56:01,sample_snr,1.11506
NS.BER.00.HHZ.D,2020-09-20T09:54:59,2020-09-20T09:56:01,sample_snr,1.12718
NS.BER.00.HHE.D,2020-09-20T22:26:13,2020-09-20T22:27:15,sample_snr,0.806302
NS.BER.00.HHN.D,2020-09-20T22:26:13,2020-09-20T22:27:15,sample_snr,0.853434
NS.BER.00.HHZ.D,2020-09-20T22:26:13,2020-09-20T22:27:15,sample_snr,0.797655
NS.BER.00.HHE.D,2020-09-21T12:41:24,2020-09-21T12:42:26,sample_snr,1.23922
NS.BER.00.HHN.D,2020-09-21T12:41:24,2020-09-21T12:42:26,sample_snr,0.764942
NS.BER.00.HHZ.D,2020-09-21T12:41:24,2020-09-21T12:42:26,sample_snr,0.728011
NS.BER.00.HHE.D,2020-09-21T13:50:43,2020-09-21T13:51:45,sample_snr,0.73859
NS.BER.00.HHN.D,2020-09-21T13:50:43,2020-09-21T13:51:45,sample_snr,1.24619
NS.BER.00.HHZ.D,2020-09-21T13:50:43,2020-09-21T13:51:45,sample_snr,1.12609
NS.BER.00.HHE.D,2020-09-21T18:13:22,2020-09-21T18:14:24,sample_snr,1.44409
NS.BER.00.HHN.D,2020-09-21T18:13:22,2020-09-21T18:14:24,sample_snr,0.98255
NS.BER.00.HHZ.D,2020-09-21T18:13:22,2020-09-21T18:14:24,sample_snr,0.858133
NS.BER.00.HHE.D,2020-09-24T00:37:47,2020-09-24T00:38:49,sample_snr,0.826549
NS.BER.00.HHN.D,2020-09-24T00:37:47,2020-09-24T00:38:49,sample_snr,1.09575
NS.BER.00.HHZ.D,2020-09-24T00:37:47,2020-09-24T00:38:49,sample_snr,0.980425
NS.BER.00.HHE.D,2020-09-26T17:24:23,2020-09-26T17:25:25,sample_snr,0.75914
NS.BER.00.HHN.D,2020-09-26T17:24:23,2020-09-26T17:25:25,sample_snr,0.931139
NS.BER.00.HHZ.D,2020-09-26T17:24:23,2020-09-26T17:25:25,sample_snr,0.777783
NS.BER.00.HHE.D,2020-09-27T00:54:58,2020-09-27T00:56:00,sample_snr,1.0144
NS.BER.00.HHN.D,2020-09-27T00:54:58,2020-09-27T00:56:00,sample_snr,1.37937
NS.BER.00.HHZ.D,2020-09-27T00:54:58,2020-09-27T00:56:00,sample_snr,1.04017
NS.BER.00.HHE.D,2020-09-27T04:22:42,2020-09-27T04:23:44,sample_snr,0.89715
NS.BER.00.HHN.D,2020-09-27T04:22:42,2020-09-27T04:23:44,sample_snr,1.39271
NS.BER.00.HHZ.D,2020-09-27T04:22:42,2020-09-27T04:23:44,sample_snr,1.5021
NS.BER.00.HHE.D,2020-10-01T01:29:41,2020-10-01T01:30:43,sample_snr,0.722809
NS.BER.00.HHN.D,2020-10-01T01:29:41,2020-10-01T01:30:43,sample_snr,1.08293
NS.BER.00.HHZ.D,2020-10-01T01:29:41,2020-10-01T01:30:43,sample_snr,1.06036
NS.BER.00.HHE.D,2020-10-01T10:49:15,2020-10-01T10:50:17,sample_snr,1.25878
NS.BER.00.HHN.D,2020-10-01T10:49:15,2020-10-01T10:50:17,sample_snr,0.631628
NS.BER.00.HHZ.D,2020-10-01T10:49:15,2020-10-01T10:50:17,sample_snr,1.34924
NS.BER.00.HHE.D,2020-10-02T10:33:09,2020-10-02T10:34:11,sample_snr,1.05219
NS.BER.00.HHN.D,2020-10-02T10:33:09,2020-10-02T10:34:11,sample_snr,2.24663
NS.BER.00.HHZ.D,2020-10-02T10:33:09,2020-10-02T10:34:11,sample_snr,0.726862
NS.BER.00.HHE.D,2020-10-03T09:43:03,2020-10-03T09:44:05,sample_snr,1.72094
NS.BER.00.HHN.D,2020-10-03T09:43:03,2020-10-03T09:44:05,sample_snr,0.694043
NS.BER.00.HHZ.D,2020-10-03T09:43:03,2020-10-03T09:44:05,sample_snr,1.4186
NS.BER.00.HHE.D,2020-10-04T18:29:08,2020-10-04T18:30:10,sample_snr,0.783076
NS.BER.00.HHN.D,2020-10-04T18:29:08,2020-10-04T18:30:10,sample_snr,0.670245
NS.BER.00.HHZ.D,2020-10-04T18:29:08,2020-10-04T18:30:10,sample_snr,1.29973
NS.BER.00.HHE.D,2020-10-06T06:04:50,2020-10-06T06:05:52,sample_snr,0.709068
NS.BER.00.HHN.D,2020-10-06T06:04:50,2020-10-06T06:05:52,sample_snr,1.19996
NS.BER.00.HHZ.D,2020-10-06T06:04:50,2020-10-06T06:05:52,sample_snr,1.45905
NS.BER.00.HHE.D,2020-10-06T10:26:40,2020-10-06T10:27:42,sample_snr,1.2971
NS.BER.00.HHN.D,2020-10-06T10:26:40,2020-10-06T10:27:42,sample_snr,1.41235
NS.BER.00.HHZ.D,2020-10-06T10:26:40,2020-10-06T10:27:42,sample_snr,0.484948
NS.BER.00.HHE.D,2020-10-08T07:49:55,2020-10-08T07:50:57,sample_snr,1.02997
NS.BER.00.HHN.D,2020-10-08T07:49:55,2020-10-08T07:50:57,sample_snr,1.1649
NS.BER.00.HHZ.D,2020-10-08T07:49:55,2020-10-08T07:50:57,sample_snr,1.11885
NS.BER.00.HHE.D,2020-10-08T14:32:56,2020-10-08T14:33:58,sample_snr,1.07949
NS.BER.00.HHN.D,2020-10-08T14:32:56,2020-10-08T14:33:58,sample_snr,1.21747
NS.BER.00.HHZ.D,2020-10-08T14:32:56,2020-10-08T14:33:58,sample_snr,1.03443
NS.BER.00.HHE.D,2020-10-08T16:13:28,2020-10-08T16:14:30,sample_snr,0.794808
NS.BER.00.HHN.D,2020-10-08T16:13:28,2020-10-08T16:14:30,sample_snr,1.33265
NS.BER.00.HHZ.D,2020-10-08T16:13:28,2020-10-08T16:14:30,sample_snr,0.742491
NS.BER.00.HHE.D,2020-10-10T13:30:16,2020-10-10T13:31:18,sample_snr,0.9272
NS.BER.00.HHN.D,2020-10-10T13:30:16,2020-10-10T13:31:18,sample_snr,1.11408
NS.BER.00.HHZ.D,2020-10-10T13:30:16,2020-10-10T13:31:18,sample_snr,1.07134
NS.BER.00.HHE.D,2020-10-10T17:48:22,2020-10-10T17:49:24,sample_snr,1.03632
NS.BER.00.HHN.D,2020-10-10T17:48:22,2020-10-10T17:49:24,sample_snr,0.711558
NS.BER.00.HHZ.D,2020-10-10T17:48:22,2020-10-10T17:49:24,sample_snr,1.35237
NS.BER.00.HHE.D,2020-10-11T14:56:39,2020-10-11T14:57:41,sample_snr,0.687429
NS.BER.00.HHN.D,2020-10-11T14:56:39,2020-10-11T14:57:41,sample_snr,1.00351
NS.BER.00.HHZ.D,2020-10-11T14:56:39,2020-10-11T14:57:41,sample_snr,1.13911
NS.BER.00.HHE.D,2020-10-12T04:25:38,2020-10-12T04:26:40,sample_snr,0.819551
NS.BER.00.HHN.D,2020-10-12T04:25:38,2020-10-12T04:26:40,sample_snr,1.27888
NS.BER.00.HHZ.D,2020-10-12T04:25:38,2020-10-12T04:26:40,sample_snr,0.99956
NS.BER.00.HHE.D,2020-10-12T04:26:14,2020-10-12T04:27:16,sample_snr,1.22118
NS.BER.00.HHN.D,2020-10-12T04:26:14,2020-10-12T04:27:16,sample_snr,1.04212
NS.BER.00.HHZ.D,2020-10-12T04:26:14,2020-10-12T04:27:16,sample_snr,1.12115
NS.BER.00.HHE.D,2020-10-17T11:06:48,2020-10-17T11:07:50,sample_snr,0.908722
NS.BER.00.HHN.D,2020-10-17T11:06:48,2020-10-17T11:07:50,sample_snr,1.35996
NS.BER.00.HHZ.D,2020-10-17T11:06:48,2020-10-17T11:07:50,sample_snr,1.3453
NS.BER.00.HHE.D,2020-10-18T07:11:06,2020-10-18T07:12:08,sample_snr,1.41126
NS.BER.00.HHN.D,2020-10-18T07:11:06,2020-10-18T07:12:08,sample_snr,1.98697
NS.BER.00.HHZ.D,2020-10-18T07:11:06,2020-10-18T07:12:08,sample_snr,1.10267
NS.BER.00.HHE.D,2020-10-19T07:44:22,2020-10-19T07:45:24,sample_snr,1.0815
NS.BER.00.HHN.D,2020-10-19T07:44:22,2020-10-19T07:45:24,sample_snr,1.04044
NS.BER.00.HHZ.D,2020-10-19T07:44:22,2020-10-19T07:45:24,sample_snr,1.19952
NS.BER.00.HHE.D,2020-10-19T08:00:14,2020-10-19T08:01:16,sample_snr,0.75261
NS.BER.00.HHN.D,2020-10-19T08:00:14,2020-10-19T08:01:16,sample_snr,0.985346
NS.BER.00.HHZ.D,2020-10-19T08:00:14,2020-10-19T08:01:16,sample_snr,0.724286
NS.BER.00.HHE.D,2020-10-19T21:04:41,2020-10-19T21:05:43,sample_snr,4.32056
NS.BER.00.HHN.D,2020-10-19T21:04:41,2020-10-19T21:05:43,sample_snr,13.4642
NS.BER.00.HHZ.D,2020-10-19T21:04:41,2020-10-19T21:05:43,sample_snr,25.2712
NS.BER.00.HHE.D,2020-10-19T21:16:01,2020-10-19T21:17:03,sample_snr,0.344318
NS.BER.00.HHN.D,2020-10-19T21:16:01,2020-10-19T21:17:03,sample_snr,0.854375
NS.BER.00.HHZ.D,2020-10-19T21:16:01,2020-10-19T21:17:03,sample_snr,0.65435
NS.BER.00.HHE.D,2020-10-19T21:16:23,2020-10-19T21:17:25,sample_snr,1.41716
NS.BER.00.HHN.D,2020-10-19T21:16:23,2020-10-19T21:17:25,sample_snr,0.686886
NS.BER.00.HHZ.D,2020-10-19T21:16:23,2020-10-19T21:17:25,sample_snr,1.48548
NS.BER.00.HHE.D,2020-10-19T21:42:25,2020-10-19T21:43:27,sample_snr,1.00755
NS.BER.00.HHN.D,2020-10-19T21:42:25,2020-10-19T21:43:27,sample_snr,1.10559
NS.BER.00.HHZ.D,2020-10-19T21:42:25,2020-10-19T21:43:27,sample_snr,1.07595
NS.BER.00.HHE.D,2020-10-19T21:55:30,2020-10-19T21:56:32,sample_snr,0.660653
NS.BER.00.HHN.D,2020-10-19T21:55:30,2020-10-19T21:56:32,sample_snr,1.01976
NS.BER.00.HHZ.D,2020-10-19T21:55:30,2020-10-19T21:56:32,sample_snr,0.797919
NS.BER.00.HHE.D,2020-10-20T04:17:13,2020-10-20T04:18:15,sample_snr,0.841213
NS.BER.00.HHN.D,2020-10-20T04:17:13,2020-10-20T04:18:15,sample_snr,0.979994
NS.BER.00.HHZ.D,2020-10-20T04:17:13,2020-10-20T04:18:15,sample_snr,0.975742
NS.BER.00.HHE.D,2020-10-20T13:45:53,2020-10-20T13:46:55,sample_snr,0.702799
NS.BER.00.HHN.D,2020-10-20T13:45:53,2020-10-20T13:46:55,sample_snr,0.972568
NS.BER.00.HHZ.D,2020-10-20T13:45:53,2020-10-20T13:46:55,sample_snr,0.801362
NS.BER.00.HHE.D,2020-10-21T00:38:40,2020-10-21T00:39:42,sample_snr,1.11581
NS.BER.00.HHN.D,2020-10-21T00:38:40,2020-10-21T00:39:42,sample_snr,1.06426
NS.BER.00.HHZ.D,2020-10-21T00:38:40,2020-10-21T00:39:42,sample_snr,0.896875
NS.BER.00.HHE.D,2020-10-21T09:26:43,2020-10-21T09:27:45,sample_snr,1.33048
NS.BER.00.HHN.D,2020-10-21T09:26:43,2020-10-21T09:27:45,sample_snr,1.39807
NS.BER.00.HHZ.D,2020-10-21T09:26:43,2020-10-21T09:27:45,sample_snr,0.749865
NS.BER.00.HHE.D,2020-10-22T08:39:52,2020-10-22T08:40:54,sample_snr,1.11631
NS.BER.00.HHN.D,2020-10-22T08:39:52,2020-10-22T08:40:54,sample_snr,0.50414
NS.BER.00.HHZ.D,2020-10-22T08:39:52,2020-10-22T08:40:54,sample_snr,0.851078
NS.BER.00.HHE.D,2020-10-23T02:01:31,2020-10-23T02:02:33,sample_snr,0.774778
NS.BER.00.HHN.D,2020-10-23T02:01:31,2020-10-23T02:02:33,sample_snr,0.771775
NS.BER.00.HHZ.D,2020-10-23T02:01:31,2020-10-23T02:02:33,sample_snr,0.898466
NS.BER.00.HHE.D,2020-10-23T07:20:14,2020-10-23T07:21:16,sample_snr,1.15348
NS.BER.00.HHN.D,2020-10-23T07:20:14,2020-10-23T07:21:16,sample_snr,1.2379
NS.BER.00.HHZ.D,2020-10-23T07:20:14,2020-10-23T07:21:16,sample_snr,1.27906
NS.BER.00.HHE.D,2020-10-25T12:03:22,2020-10-25T12:04:24,sample_snr,0.76919
NS.BER.00.HHN.D,2020-10-25T12:03:22,2020-10-25T12:04:24,sample_snr,0.962952
NS.BER.00.HHZ.D,2020-10-25T12:03:22,2020-10-25T12:04:24,sample_snr,0.950292
NS.BER.00.HHE.D,2020-10-26T00:02:41,2020-10-26T00:03:43,sample_snr,1.85337
NS.BER.00.HHN.D,2020-10-26T00:02:41,2020-10-26T00:03:43,sample_snr,0.901017
NS.BER.00.HHZ.D,2020-10-26T00:02:41,2020-10-26T00:03:43,sample_snr,1.06426
NS.BER.00.HHE.D,2020-10-28T04:23:34,2020-10-28T04:24:36,sample_snr,0.854139
NS.BER.00.HHN.D,2020-10-28T04:23:34,2020-10-28T04:24:36,sample_snr,1.11952
NS.BER.00.HHZ.D,2020-10-28T04:23:34,2020-10-28T04:24:36,sample_snr,0.702646
NS.BER.00.HHE.D,2020-10-28T05:06:41,2020-10-28T05:07:43,sample_snr,0.931236
NS.BER.00.HHN.D,2020-10-28T05:06:41,2020-10-28T05:07:43,sample_snr,0.974824
NS.BER.00.HHZ.D,2020-10-28T05:06:41,2020-10-28T05:07:43,sample_snr,1.004
NS.BER.00.HHE.D,2020-10-28T09:15:39,2020-10-28T09:16:41,sample_snr,1.18042
NS.BER.00.HHN.D,2020-10-28T09:15:39,2020-10-28T09:16:41,sample_snr,0.86073
NS.BER.00.HHZ.D,2020-10-28T09:15:39,2020-10-28T09:16:41,sample_snr,1.00287
NS.BER.00.HHE.D,2020-10-28T14:28:12,2020-10-28T14:29:14,sample_snr,1.40239
NS.BER.00.HHN.D,2020-10-28T14:28:12,2020-10-28T14:29:14,sample_snr,0.656961
NS.BER.00.HHZ.D,2020-10-28T14:28:12,2020-10-28T14:29:14,sample_snr,0.824349
NS.BER.00.HHE.D,2020-10-28T15:06:59,2020-10-28T15:08:01,sample_snr,1.08607
NS.BER.00.HHN.D,2020-10-28T15:06:59,2020-10-28T15:08:01,sample_snr,1.80463
NS.BER.00.HHZ.D,2020-10-28T15:06:59,2020-10-28T15:08:01,sample_snr,1.44054
NS.BER.00.HHE.D,2020-10-30T08:48:25,2020-10-30T08:49:27,sample_snr,0.921826
NS.BER.00.HHN.D,2020-10-30T08:48:25,2020-10-30T08:49:27,sample_snr,1.87199
NS.BER.00.HHZ.D,2020-10-30T08:48:25,2020-10-30T08:49:27,sample_snr,1.53652
NS.BER.00.HHE.D,2020-10-30T11:25:15,2020-10-30T11:26:17,sample_snr,0.649238
NS.BER.00.HHN.D,2020-10-30T11:25:15,2020-10-30T11:26:17,sample_snr,1.8348
NS.BER.00.HHZ.D,2020-10-30T11:25:15,2020-10-30T11:26:17,sample_snr,1.31555
NS.BER.00.HHE.D,2020-10-30T11:56:29,2020-10-30T11:57:31,sample_snr,10.4335
NS.BER.00.HHN.D,2020-10-30T11:56:29,2020-10-30T11:57:31,sample_snr,7.53614
NS.BER.00.HHZ.D,2020-10-30T11:56:29,2020-10-30T11:57:31,sample_snr,3.67297
NS.BER.00.HHE.D,2020-10-30T18:37:25,2020-10-30T18:38:27,sample_snr,1.29165
NS.BER.00.HHN.D,2020-10-30T18:37:25,2020-10-30T18:38:27,sample_snr,0.948613
NS.BER.00.HHZ.D,2020-10-30T18:37:25,2020-10-30T18:38:27,sample_snr,0.955595
NS.BER.00.HHE.D,2020-10-30T22:59:03,2020-10-30T23:00:05,sample_snr,1.50214
NS.BER.00.HHN.D,2020-10-30T22:59:03,2020-10-30T23:00:05,sample_snr,2.00768
NS.BER.00.HHZ.D,2020-10-30T22:59:03,2020-10-30T23:00:05,sample_snr,1.45253
NS.BER.00.HHE.D,2020-11-01T03:57:08,2020-11-01T03:58:10,sample_snr,1.03953
NS.BER.00.HHN.D,2020-11-01T03:57:08,2020-11-01T03:58:10,sample_snr,0.782767
NS.BER.00.HHZ.D,2020-11-01T03:57:08,2020-11-01T03:58:10,sample_snr,1.40715
NS.BER.00.HHE.D,2020-11-03T02:56:00,2020-11-03T02:57:02,sample_snr,0.96881
NS.BER.00.HHN.D,2020-11-03T02:56:00,2020-11-03T02:57:02,sample_snr,1.05959
NS.BER.00.HHZ.D,2020-11-03T02:56:00,2020-11-03T02:57:02,sample_snr,1.20602
NS.BER.00.HHE.D,2020-11-03T08:34:22,2020-11-03T08:35:24,sample_snr,1.04092
NS.BER.00.HHN.D,2020-11-03T08:34:22,2020-11-03T08:35:24,sample_snr,1.46133
NS.BER.00.HHZ.D,2020-11-03T08:34:22,2020-11-03T08:35:24,sample_snr,1.17704
NS.BER.00.HHE.D,2020-11-06T09:07:36,2020-11-06T09:08:38,sample_snr,1.1673
NS.BER.00.HHN.D,2020-11-06T09:07:36,2020-11-06T09:08:38,sample_snr,0.898153
NS.BER.00.HHZ.D,2020-11-06T09:07:36,2020-11-06T09:08:38,sample_snr,1.27503
NS.BER.00.HHE.D,2020-11-07T00:04:54,2020-11-07T00:05:55,sample_snr,0.738265
NS.BER.00.HHN.D,2020-11-07T00:04:54,2020-11-07T00:05:55,sample_snr,0.964729
NS.BER.00.HHZ.D,2020-11-07T00:04:54,2020-11-07T00:05:55,sample_snr,0.825016
NS.BER.00.HHE.D,2020-11-07T01:22:47,2020-11-07T01:23:49,sample_snr,0.676348
NS.BER.00.HHN.D,2020-11-07T01:22:47,2020-11-07T01:23:49,sample_snr,1.4158
NS.BER.00.HHZ.D,2020-11-07T01:22:47,2020-11-07T01:23:49,sample_snr,1.13799
NS.BER.00.HHE.D,2020-11-07T09:42:50,2020-11-07T09:43:52,sample_snr,0.794965
NS.BER.00.HHN.D,2020-11-07T09:42:50,2020-11-07T09:43:52,sample_snr,1.4466
NS.BER.00.HHZ.D,2020-11-07T09:42:50,2020-11-07T09:43:52,sample_snr,1.17257
NS.BER.00.HHE.D,2020-11-11T01:04:06,2020-11-11T01:05:08,sample_snr,1.45827
NS.BER.00.HHN.D,2020-11-11T01:04:06,2020-11-11T01:05:08,sample_snr,1.14526
NS.BER.00.HHZ.D,2020-11-11T01:04:06,2020-11-11T01:05:08,sample_snr,0.833055
NS.BER.00.HHE.D,2020-11-11T05:30:12,2020-11-11T05:31:14,sample_snr,0.617201
NS.BER.00.HHN.D,2020-11-11T05:30:12,2020-11-11T05:31:14,sample_snr,1.13107
NS.BER.00.HHZ.D,2020-11-11T05:30:12,2020-11-11T05:31:14,sample_snr,1.39414
NS.BER.00.HHE.D,2020-11-13T09:32:16,2020-11-13T09:33:18,sample_snr,1.42517
NS.BER.00.HHN.D,2020-11-13T09:32:16,2020-11-13T09:33:18,sample_snr,1.44976
NS.BER.00.HHZ.D,2020-11-13T09:32:16,2020-11-13T09:33:18,sample_snr,1.67155
NS.BER.00.HHE.D,2020-11-14T03:05:20,2020-11-14T03:06:22,sample_snr,1.50194
NS.BER.00.HHN.D,2020-11-14T03:05:20,2020-11-14T03:06:22,sample_snr,0.547705
NS.BER.00.HHZ.D,2020-11-14T03:05:20,2020-11-14T03:06:22,sample_snr,0.75348
NS.BER.00.HHE.D,2020-11-15T22:50:38,2020-11-15T22:51:40,sample_snr,0.97499
NS.BER.00.HHN.D,2020-11-15T22:50:38,2020-11-15T22:51:40,sample_snr,0.804014
NS.BER.00.HHZ.D,2020-11-15T22:50:38,2020-11-15T22:51:40,sample_snr,0.831171
NS.BER.00.HHE.D,2020-11-16T23:00:11,2020-11-16T23:01:13,sample_snr,1.21081
NS.BER.00.HHN.D,2020-11-16T23:00:11,2020-11-16T23:01:13,sample_snr,1.54692
NS.BER.00.HHZ.D,2020-11-16T23:00:11,2020-11-16T23:01:13,sample_snr,1.04062
NS.BER.00.HHE.D,2020-11-17T01:56:58,2020-11-17T01:58:00,sample_snr,0.992546
NS.BER.00.HHN.D,2020-11-17T01:56:58,2020-11-17T01:58:00,sample_snr,1.46941
NS.BER.00.HHZ.D,2020-11-17T01:56:58,2020-11-17T01:58:00,sample_snr,1.15636
NS.BER.00.HHE.D,2020-11-20T03:36:35,2020-11-20T03:37:37,sample_snr,1.082
NS.BER.00.HHN.D,2020-11-20T03:36:35,2020-11-20T03:37:37,sample_snr,1.023
NS.BER.00.HHZ.D,2020-11-20T03:36:35,2020-11-20T03:37:37,sample_snr,0.732227
NS.BER.00.HHE.D,2020-11-21T02:25:42,2020-11-21T02:26:44,sample_snr,1.28833
NS.BER.00.HHN.D,2020-11-21T02:25:42,2020-11-21T02:26:44,sample_snr,1.28056
NS.BER.00.HHZ.D,2020-11-21T02:25:42,2020-11-21T02:26:44,sample_snr,1.26365
NS.BER.00.HHE.D,2020-11-22T01:09:12,2020-11-22T01:10:14,sample_snr,0.965033
NS.BER.00.HHN.D,2020-11-22T01:09:12,2020-11-22T01:10:14,sample_snr,1.04695
NS.BER.00.HHZ.D,2020-11-22T01:09:12,2020-11-22T01:10:14,sample_snr,1.07365
NS.BER.00.HHE.D,2020-11-22T05:34:29,2020-11-22T05:35:31,sample_snr,0.799613
NS.BER.00.HHN.D,2020-11-22T05:34:29,2020-11-22T05:35:31,sample_snr,1.00391
NS.BER.00.HHZ.D,2020-11-22T05:34:29,2020-11-22T05:35:31,sample_snr,1.25601
NS.BER.00.HHE.D,2020-11-24T22:15:01,2020-11-24T22:16:03,sample_snr,0.978928
NS.BER.00.HHN.D,2020-11-24T22:15:01,2020-11-24T22:16:03,sample_snr,1.16432
NS.BER.00.HHZ.D,2020-11-24T22:15:01,2020-11-24T22:16:03,sample_snr,0.933108
NS.BER.00.HHE.D,2020-11-25T22:52:59,2020-11-25T22:54:01,sample_snr,1.02087
NS.BER.00.HHN.D,2020-11-25T22:52:59,2020-11-25T22:54:01,sample_snr,0.810955
NS.BER.00.HHZ.D,2020-11-25T22:52:59,2020-11-25T22:54:01,sample_snr,0.777116
NS.BER.00.HHE.D,2020-11-25T23:15:37,2020-11-25T23:16:39,sample_snr,0.594222
NS.BER.00.HHN.D,2020-11-25T23:15:37,2020-11-25T23:16:39,sample_snr,1.79935
NS.BER.00.HHZ.D,2020-11-25T23:15:37,2020-11-25T23:16:39,sample_snr,0.769997
NS.BER.00.HHE.D,2020-11-29T09:17:01,2020-11-29T09:18:03,sample_snr,1.33003
NS.BER.00.HHN.D,2020-11-29T09:17:01,2020-11-29T09:18:03,sample_snr,1.43867
NS.BER.00.HHZ.D,2020-11-29T09:17:01,2020-11-29T09:18:03,sample_snr,1.36536
NS.BER.00.HHE.D,2020-11-29T16:54:02,2020-11-29T16:55:04,sample_snr,0.90164
NS.BER.00.HHN.D,2020-11-29T16:54:02,2020-11-29T16:55:04,sample_snr,0.483662
NS.BER.00.HHZ.D,2020-11-29T16:54:02,2020-11-29T16:55:04,sample_snr,0.858105
NS.BER.00.HHE.D,2020-11-30T00:12:54,2020-11-30T00:13:56,sample_snr,0.789483
NS.BER.00.HHN.D,2020-11-30T00:12:54,2020-11-30T00:13:56,sample_snr,1.04296
NS.BER.00.HHZ.D,2020-11-30T00:12:54,2020-11-30T00:13:56,sample_snr,0.788185
NS.BER.00.HHE.D,2020-11-30T05:09:26,2020-11-30T05:10:28,sample_snr,1.07223
NS.BER.00.HHN.D,2020-11-30T05:09:26,2020-11-30T05:10:28,sample_snr,1.27108
NS.BER.00.HHZ.D,2020-11-30T05:09:26,2020-11-30T05:10:28,sample_snr,1.56931
NS.BER.00.HHE.D,2020-11-30T23:03:49,2020-11-30T23:04:51,sample_snr,1.7316
NS.BER.00.HHN.D,2020-11-30T23:03:49,2020-11-30T23:04:51,sample_snr,1.37261
NS.BER.00.HHZ.D,2020-11-30T23:03:49,2020-11-30T23:04:51,sample_snr,1.77085
NS.BER.00.HHE.D,2020-11-30T23:08:08,2020-11-30T23:09:10,sample_snr,0.961084
NS.BER.00.HHN.D,2020-11-30T23:08:08,2020-11-30T23:09:10,sample_snr,2.08563
NS.BER.00.HHZ.D,2020-11-30T23:08:08,2020-11-30T23:09:10,sample_snr,1.0895
NS.BER.00.HHE.D,2020-12-01T16:32:58,2020-12-01T16:34:00,sample_snr,1.24881
NS.BER.00.HHN.D,2020-12-01T16:32:58,2020-12-01T16:34:00,sample_snr,1.63132
NS.BER.00.HHZ.D,2020-12-01T16:32:58,2020-12-01T16:34:00,sample_snr,1.44497
NS.BER.00.HHE.D,2020-12-01T16:45:52,2020-12-01T16:46:54,sample_snr,1.19724
NS.BER.00.HHN.D,2020-12-01T16:45:52,2020-12-01T16:46:54,sample_snr,0.876427
NS.BER.00.HHZ.D,2020-12-01T16:45:52,2020-12-01T16:46:54,sample_snr,1.23469
NS.BER.00.HHE.D,2020-12-01T21:12:30,2020-12-01T21:13:32,sample_snr,1.03741
NS.BER.00.HHN.D,2020-12-01T21:12:30,2020-12-01T21:13:32,sample_snr,0.974179
NS.BER.00.HHZ.D,2020-12-01T21:12:30,2020-12-01T21:13:32,sample_snr,0.900155
NS.BER.00.HHE.D,2020-12-02T19:54:05,2020-12-02T19:55:07,sample_snr,0.806855
NS.BER.00.HHN.D,2020-12-02T19:54:05,2020-12-02T19:55:07,sample_snr,0.990986
NS.BER.00.HHZ.D,2020-12-02T19:54:05,2020-12-02T19:55:07,sample_snr,0.800862
NS.BER.00.HHE.D,2020-12-06T17:00:45,2020-12-06T17:01:47,sample_snr,1.24813
NS.BER.00.HHN.D,2020-12-06T17:00:45,2020-12-06T17:01:47,sample_snr,1.20139
NS.BER.00.HHZ.D,2020-12-06T17:00:45,2020-12-06T17:01:47,sample_snr,0.647929
NS.BER.00.HHE.D,2020-12-07T05:40:54,2020-12-07T05:41:56,sample_snr,0.655531
NS.BER.00.HHN.D,2020-12-07T05:40:54,2020-12-07T05:41:56,sample_snr,0.94548
NS.BER.00.HHZ.D,2020-12-07T05:40:54,2020-12-07T05:41:56,sample_snr,0.665525
NS.BER.00.HHE.D,2020-12-08T18:08:24,2020-12-08T18:09:26,sample_snr,1.1729
NS.BER.00.HHN.D,2020-12-08T18:08:24,2020-12-08T18:09:26,sample_snr,0.805369
NS.BER.00.HHZ.D,2020-12-08T18:08:24,2020-12-08T18:09:26,sample_snr,0.949522
NS.BER.00.HHE.D,2020-12-09T21:53:03,2020-12-09T21:54:05,sample_snr,0.72564
NS.BER.00.HHN.D,2020-12-09T21:53:03,2020-12-09T21:54:05,sample_snr,0.960888
NS.BER.00.HHZ.D,2020-12-09T21:53:03,2020-12-09T21:54:05,sample_snr,1.46102
NS.BER.00.HHE.D,2020-12-10T13:31:32,2020-12-10T13:32:34,sample_snr,0.80981
NS.BER.00.HHN.D,2020-12-10T13:31:32,2020-12-10T13:32:34,sample_snr,1.78807
NS.BER.00.HHZ.D,2020-12-10T13:31:32,2020-12-10T13:32:34,sample_snr,1.48435
NS.BER.00.HHE.D,2020-12-10T20:59:03,2020-12-10T21:00:05,sample_snr,0.812107
NS.BER.00.HHN.D,2020-12-10T20:59:03,2020-12-10T21:00:05,sample_snr,1.59848
NS.BER.00.HHZ.D,2020-12-10T20:59:03,2020-12-10T21:00:05,sample_snr,1.36394
NS.BER.00.HHE.D,2020-12-10T21:04:56,2020-12-10T21:05:58,sample_snr,0.838257
NS.BER.00.HHN.D,2020-12-10T21:04:56,2020-12-10T21:05:58,sample_snr,0.66304
NS.BER.00.HHZ.D,2020-12-10T21:04:56,2020-12-10T21:05:58,sample_snr,1.41222
NS.BER.00.HHE.D,2020-12-12T07:29:50,2020-12-12T07:30:52,sample_snr,1.22769
NS.BER.00.HHN.D,2020-12-12T07:29:50,2020-12-12T07:30:52,sample_snr,1.35918
NS.BER.00.HHZ.D,2020-12-12T07:29:50,2020-12-12T07:30:52,sample_snr,1.07886
NS.BER.00.HHE.D,2020-12-14T02:12:40,2020-12-14T02:13:42,sample_snr,1.70482
NS.BER.00.HHN.D,2020-12-14T02:12:40,2020-12-14T02:13:42,sample_snr,1.03925
NS.BER.00.HHZ.D,2020-12-14T02:12:40,2020-12-14T02:13:42,sample_snr,1.70807
NS.BER.00.HHE.D,2020-12-14T15:33:56,2020-12-14T15:34:58,sample_snr,0.950467
NS.BER.00.HHN.D,2020-12-14T15:33:56,2020-12-14T15:34:58,sample_snr,0.950831
NS.BER.00.HHZ.D,2020-12-14T15:33:56,2020-12-14T15:34:58,sample_snr,1.00311
NS.BER.00.HHE.D,2020-12-14T19:38:18,2020-12-14T19:39:20,sample_snr,1.17619
NS.BER.00.HHN.D,2020-12-14T19:38:18,2020-12-14T19:39:20,sample_snr,2.1296
NS.BER.00.HHZ.D,2020-12-14T19:38:18,2020-12-14T19:39:20,sample_snr,1.63892
NS.BER.00.HHE.D,2020-12-15T23:35:09,2020-12-15T23:36:11,sample_snr,1.26185
NS.BER.00.HHN.D,2020-12-15T23:35:09,2020-12-15T23:36:11,sample_snr,1.673
NS.BER.00.HHZ.D,2020-12-15T23:35:09,2020-12-15T23:36:11,sample_snr,0.936865
NS.BER.00.HHE.D,2020-12-16T18:01:39,2020-12-16T18:02:41,sample_snr,0.901453
NS.BER.00.HHN.D,2020-12-16T18:01:39,2020-12-16T18:02:41,sample_snr,1.56835
NS.BER.00.HHZ.D,2020-12-16T18:01:39,2020-12-16T18:02:41,sample_snr,0.704269
NS.BER.00.HHE.D,2020-12-20T17:34:17,2020-12-20T17:35:19,sample_snr,1.25845
NS.BER.00.HHN.D,2020-12-20T17:34:17,2020-12-20T17:35:19,sample_snr,0.902752
NS.BER.00.HHZ.D,2020-12-20T17:34:17,2020-12-20T17:35:19,sample_snr,1.62269
NS.BER.00.HHE.D,2020-12-21T17:24:49,2020-12-21T17:25:51,sample_snr,1.00892
NS.BER.00.HHN.D,2020-12-21T17:24:49,2020-12-21T17:25:51,sample_snr,1.22278
NS.BER.00.HHZ.D,2020-12-21T17:24:49,2020-12-21T17:25:51,sample_snr,1.15795
NS.BER.00.HHE.D,2020-12-23T00:57:44,2020-12-23T00:58:46,sample_snr,1.07881
NS.BER.00.HHN.D,2020-12-23T00:57:44,2020-12-23T00:58:46,sample_snr,1.11893
NS.BER.00.HHZ.D,2020-12-23T00:57:44,2020-12-23T00:58:46,sample_snr,1.1997
NS.BER.00.HHE.D,2020-12-23T01:03:57,2020-12-23T01:04:59,sample_snr,0.786003
NS.BER.00.HHN.D,2020-12-23T01:03:57,2020-12-23T01:04:59,sample_snr,1.18671
NS.BER.00.HHZ.D,2020-12-23T01:03:57,2020-12-23T01:04:59,sample_snr,0.58292
NS.BER.00.HHE.D,2020-12-23T18:25:11,2020-12-23T18:26:13,sample_snr,1.50249
NS.BER.00.HHN.D,2020-12-23T18:25:11,2020-12-23T18:26:13,sample_snr,0.891715
NS.BER.00.HHZ.D,2020-12-23T18:25:11,2020-12-23T18:26:13,sample_snr,0.982277
NS.BER.00.HHE.D,2020-12-24T23:55:57,2020-12-24T23:56:59,sample_snr,1.41701
NS.BER.00.HHN.D,2020-12-24T23:55:57,2020-12-24T23:56:59,sample_snr,1.10224
NS.BER.00.HHZ.D,2020-12-24T23:55:57,2020-12-24T23:56:59,sample_snr,0.882259
NS.BER.00.HHE.D,2020-12-25T10:17:08,2020-12-25T10:18:10,sample_snr,1.03092
NS.BER.00.HHN.D,2020-12-25T10:17:08,2020-12-25T10:18:10,sample_snr,0.673844
NS.BER.00.HHZ.D,2020-12-25T10:17:08,2020-12-25T10:18:10,sample_snr,1.29871
NS.BER.00.HHE.D,2020-12-27T06:43:15,2020-12-27T06:44:17,sample_snr,1.2735
NS.BER.00.HHN.D,2020-12-27T06:43:15,2020-12-27T06:44:17,sample_snr,0.785892
NS.BER.00.HHZ.D,2020-12-27T06:43:15,2020-12-27T06:44:17,sample_snr,1.02103
NS.BER.00.HHE.D,2020-12-27T07:24:16,2020-12-27T07:25:18,sample_snr,1.00214
NS.BER.00.HHN.D,2020-12-27T07:24:16,2020-12-27T07:25:18,sample_snr,0.728751
NS.BER.00.HHZ.D,2020-12-27T07:24:16,2020-12-27T07:25:18,sample_snr,0.991328
NS.BER.00.HHE.D,2020-12-27T21:53:53,2020-12-27T21:54:55,sample_snr,0.693878
NS.BER.00.HHN.D,2020-12-27T21:53:53,2020-12-27T21:54:55,sample_snr,0.663284
NS.BER.00.HHZ.D,2020-12-27T21:53:53,2020-12-27T21:54:55,sample_snr,0.943509
NS.BER.00.HHE.D,2020-12-28T04:47:56,2020-12-28T04:48:58,sample_snr,1.32052
NS.BER.00.HHN.D,2020-12-28T04:47:56,2020-12-28T04:48:58,sample_snr,1.2535
NS.BER.00.HHZ.D,2020-12-28T04:47:56,2020-12-28T04:48:58,sample_snr,1.20495
NS.BER.00.HHE.D,2020-12-29T07:21:05,2020-12-29T07:22:07,sample_snr,0.938393
NS.BER.00.HHN.D,2020-12-29T07:21:05,2020-12-29T07:22:07,sample_snr,0.957367
NS.BER.00.HHZ.D,2020-12-29T07:21:05,2020-12-29T07:22:07,sample_snr,0.903717
NS.BER.00.HHE.D,2020-12-29T11:23:12,2020-12-29T11:24:14,sample_snr,4.97403
NS.BER.00.HHN.D,2020-12-29T11:23:12,2020-12-29T11:24:14,sample_snr,7.80047
NS.BER.00.HHZ.D,2020-12-29T11:23:12,2020-12-29T11:24:14,sample_snr,6.00547
NS.BER.00.HHE.D,2020-12-29T23:45:03,2020-12-29T23:46:05,sample_snr,1.42583
NS.BER.00.HHN.D,2020-12-29T23:45:03,2020-12-29T23:46:05,sample_snr,1.11025
NS.BER.00.HHZ.D,2020-12-29T23:45:03,2020-12-29T23:46:05,sample_snr,1.95756
